1,2,3,4,5,6,7,8,9,10,11,12,13,14,15,16,17,18,19,20,is_pc,is_mobile,is_tablet,is_touch_capable,is_bot,browser,browser_version,os,os_version,device,target_user
289,198,186,237,134,188,0,0,0,0,0,0,0,0,0,0,0,0,0,0,1,0,0,0,0,3,86,42,10,43,1
123,176,196,197,115,149,0,0,0,0,0,0,0,0,0,0,0,0,0,0,1,0,0,0,0,3,86,42,10,43,1
187,194,203,253,119,184,302,0,0,0,0,0,0,0,0,0,0,0,0,0,1,0,0,0,0,3,86,42,10,43,1
182,279,218,265,129,185,1437,0,0,0,0,0,0,0,0,0,0,0,0,0,1,0,0,0,0,3,86,42,10,43,1
168,219,163,213,123,176,582,0,0,0,0,0,0,0,0,0,0,0,0,0,1,0,0,0,0,3,86,42,10,43,1
220,229,226,225,125,181,1013,0,0,0,0,0,0,0,0,0,0,0,0,0,1,0,0,0,0,3,86,42,10,43,1
199,248,222,249,132,203,790,0,0,0,0,0,0,0,0,0,0,0,0,0,1,0,0,0,0,3,86,42,10,43,1
203,189,169,217,123,175,458,0,0,0,0,0,0,0,0,0,0,0,0,0,1,0,0,0,0,3,86,42,10,43,1
199,179,168,187,130,201,1102,0,0,0,0,0,0,0,0,0,0,0,0,0,1,0,0,0,0,3,86,42,10,43,1
222,208,212,211,133,215,618,0,0,0,0,0,0,0,0,0,0,0,0,0,1,0,0,0,0,3,86,42,10,43,1
203,224,163,225,120,203,445,0,0,0,0,0,0,0,0,0,0,0,0,0,1,0,0,0,0,3,86,42,10,43,1
200,213,185,218,134,193,875,0,0,0,0,0,0,0,0,0,0,0,0,0,1,0,0,0,0,3,86,42,10,43,1
204,192,135,195,131,180,634,0,0,0,0,0,0,0,0,0,0,0,0,0,1,0,0,0,0,3,86,42,10,43,1
218,218,128,190,126,166,608,0,0,0,0,0,0,0,0,0,0,0,0,0,1,0,0,0,0,3,86,42,10,43,1
147,215,140,243,123,204,556,0,0,0,0,0,0,0,0,0,0,0,0,0,1,0,0,0,0,3,86,42,10,43,1
156,199,133,201,130,334,1372,0,0,0,0,0,0,0,0,0,0,0,0,0,1,0,0,0,0,3,86,42,10,43,1
195,215,162,230,126,189,573,0,0,0,0,0,0,0,0,0,0,0,0,0,1,0,0,0,0,3,86,42,10,43,1
196,190,129,250,129,213,430,0,0,0,0,0,0,0,0,0,0,0,0,0,1,0,0,0,0,3,86,42,10,43,1
380,958,187,144,232,121,183,380,0,0,0,0,0,0,0,0,0,0,0,0,1,0,0,0,0,3,86,42,10,43,1
176,181,143,257,156,212,499,0,0,0,0,0,0,0,0,0,0,0,0,0,1,0,0,0,0,3,86,42,10,43,1
159,201,98,258,163,264,332,0,0,0,0,0,0,0,0,0,0,0,0,0,1,0,0,0,0,3,86,42,10,43,1
154,200,101,238,137,209,197,0,0,0,0,0,0,0,0,0,0,0,0,0,1,0,0,0,0,3,86,42,10,43,1
161,212,100,232,162,223,350,0,0,0,0,0,0,0,0,0,0,0,0,0,1,0,0,0,0,3,86,42,10,43,1
147,196,146,355,131,196,249,0,0,0,0,0,0,0,0,0,0,0,0,0,1,0,0,0,0,3,86,42,10,43,1
159,203,117,200,126,190,285,0,0,0,0,0,0,0,0,0,0,0,0,0,1,0,0,0,0,3,86,42,10,43,1
142,185,147,245,139,224,717,0,0,0,0,0,0,0,0,0,0,0,0,0,1,0,0,0,0,3,86,42,10,43,1
153,189,110,245,164,237,562,0,0,0,0,0,0,0,0,0,0,0,0,0,1,0,0,0,0,3,86,42,10,43,1
148,174,111,226,133,195,647,0,0,0,0,0,0,0,0,0,0,0,0,0,1,0,0,0,0,3,86,42,10,43,1
171,169,111,227,138,210,268,0,0,0,0,0,0,0,0,0,0,0,0,0,1,0,0,0,0,3,86,42,10,43,1
167,198,136,275,127,234,283,0,0,0,0,0,0,0,0,0,0,0,0,0,1,0,0,0,0,3,86,42,10,43,1
164,200,117,266,120,210,365,0,0,0,0,0,0,0,0,0,0,0,0,0,1,0,0,0,0,3,86,42,10,43,1
200,157,130,284,127,234,267,0,0,0,0,0,0,0,0,0,0,0,0,0,1,0,0,0,0,3,86,42,10,43,1
156,157,133,245,130,221,224,0,0,0,0,0,0,0,0,0,0,0,0,0,1,0,0,0,0,3,86,42,10,43,1
161,186,166,291,139,230,250,0,0,0,0,0,0,0,0,0,0,0,0,0,1,0,0,0,0,3,86,42,10,43,1
201,204,199,282,149,273,461,0,0,0,0,0,0,0,0,0,0,0,0,0,1,0,0,0,0,3,86,42,10,43,1
226,181,166,208,130,196,247,0,0,0,0,0,0,0,0,0,0,0,0,0,1,0,0,0,0,3,86,42,10,43,1
237,158,129,296,131,213,180,0,0,0,0,0,0,0,0,0,0,0,0,0,1,0,0,0,0,3,86,42,10,43,1
148,195,107,318,124,220,704,0,0,0,0,0,0,0,0,0,0,0,0,0,1,0,0,0,0,3,86,42,10,43,1
221,173,121,232,129,212,465,0,0,0,0,0,0,0,0,0,0,0,0,0,1,0,0,0,0,3,86,42,10,43,1
155,254,178,240,114,190,826,0,0,0,0,0,0,0,0,0,0,0,0,0,1,0,0,0,0,3,86,42,10,43,1
160,266,163,262,129,219,517,0,0,0,0,0,0,0,0,0,0,0,0,0,1,0,0,0,0,3,86,42,10,43,1
191,206,157,208,129,222,373,0,0,0,0,0,0,0,0,0,0,0,0,0,1,0,0,0,0,3,86,42,10,43,1
195,185,133,212,158,196,241,0,0,0,0,0,0,0,0,0,0,0,0,0,1,0,0,0,0,3,86,42,10,43,1
186,180,134,224,123,182,269,0,0,0,0,0,0,0,0,0,0,0,0,0,1,0,0,0,0,3,86,42,10,43,1
172,184,115,209,138,185,330,0,0,0,0,0,0,0,0,0,0,0,0,0,1,0,0,0,0,3,86,42,10,43,1
184,171,128,216,130,202,279,0,0,0,0,0,0,0,0,0,0,0,0,0,1,0,0,0,0,3,86,42,10,43,1
184,174,152,242,126,204,335,0,0,0,0,0,0,0,0,0,0,0,0,0,1,0,0,0,0,3,86,42,10,43,1
186,173,129,337,140,222,304,0,0,0,0,0,0,0,0,0,0,0,0,0,1,0,0,0,0,3,86,42,10,43,1
174,186,129,244,131,175,204,0,0,0,0,0,0,0,0,0,0,0,0,0,1,0,0,0,0,3,86,42,10,43,1
186,204,191,224,133,197,354,0,0,0,0,0,0,0,0,0,0,0,0,0,1,0,0,0,0,3,86,42,10,43,1
187,198,152,240,127,209,532,0,0,0,0,0,0,0,0,0,0,0,0,0,1,0,0,0,0,3,86,42,10,43,1
176,175,127,205,138,183,239,0,0,0,0,0,0,0,0,0,0,0,0,0,1,0,0,0,0,3,86,42,10,43,1
183,184,169,210,126,189,250,0,0,0,0,0,0,0,0,0,0,0,0,0,1,0,0,0,0,3,86,42,10,43,1
184,209,158,227,136,207,196,0,0,0,0,0,0,0,0,0,0,0,0,0,1,0,0,0,0,3,86,42,10,43,1
193,191,126,204,123,178,186,0,0,0,0,0,0,0,0,0,0,0,0,0,1,0,0,0,0,3,86,42,10,43,1
167,181,132,236,120,208,229,0,0,0,0,0,0,0,0,0,0,0,0,0,1,0,0,0,0,3,86,42,10,43,1
144,206,148,237,136,203,259,0,0,0,0,0,0,0,0,0,0,0,0,0,1,0,0,0,0,3,86,42,10,43,1
181,187,138,201,134,198,263,0,0,0,0,0,0,0,0,0,0,0,0,0,1,0,0,0,0,3,86,42,10,43,1
156,176,136,236,124,242,246,0,0,0,0,0,0,0,0,0,0,0,0,0,1,0,0,0,0,3,86,42,10,43,1
192,185,188,235,112,198,320,0,0,0,0,0,0,0,0,0,0,0,0,0,1,0,0,0,0,3,86,42,10,43,1
171,182,119,219,145,207,265,0,0,0,0,0,0,0,0,0,0,0,0,0,1,0,0,0,0,3,86,42,10,43,1
185,191,208,261,124,217,243,0,0,0,0,0,0,0,0,0,0,0,0,0,1,0,0,0,0,3,86,42,10,43,1
203,201,154,214,125,257,316,0,0,0,0,0,0,0,0,0,0,0,0,0,1,0,0,0,0,3,86,42,10,43,1
158,215,134,200,122,167,603,0,0,0,0,0,0,0,0,0,0,0,0,0,1,0,0,0,0,3,86,42,10,43,1
180,243,147,211,121,169,305,0,0,0,0,0,0,0,0,0,0,0,0,0,1,0,0,0,0,3,86,42,10,43,1
190,189,133,201,121,150,334,0,0,0,0,0,0,0,0,0,0,0,0,0,1,0,0,0,0,3,86,42,10,43,1
210,175,187,316,123,219,339,0,0,0,0,0,0,0,0,0,0,0,0,0,1,0,0,0,0,3,86,42,10,43,1
191,172,135,240,124,173,345,0,0,0,0,0,0,0,0,0,0,0,0,0,1,0,0,0,0,3,86,42,10,43,1
181,200,183,251,126,170,175,0,0,0,0,0,0,0,0,0,0,0,0,0,1,0,0,0,0,3,86,42,10,43,1
267,214,175,197,126,199,205,0,0,0,0,0,0,0,0,0,0,0,0,0,1,0,0,0,0,3,86,42,10,43,1
234,504,122,772,314,142,166,555,0,0,0,0,0,0,0,0,0,0,0,0,1,0,0,0,0,3,86,42,10,43,1
207,190,111,233,125,213,306,0,0,0,0,0,0,0,0,0,0,0,0,0,1,0,0,0,0,3,86,42,10,43,1
217,216,257,235,117,184,504,0,0,0,0,0,0,0,0,0,0,0,0,0,1,0,0,0,0,3,86,42,10,43,1
311,233,147,229,140,225,270,0,0,0,0,0,0,0,0,0,0,0,0,0,1,0,0,0,0,3,86,42,10,43,1
200,191,172,250,120,206,250,0,0,0,0,0,0,0,0,0,0,0,0,0,1,0,0,0,0,3,86,42,10,43,1
166,193,141,241,116,169,269,0,0,0,0,0,0,0,0,0,0,0,0,0,1,0,0,0,0,3,86,42,10,43,1
152,198,130,212,125,192,437,0,0,0,0,0,0,0,0,0,0,0,0,0,1,0,0,0,0,3,86,42,10,43,1
173,178,122,192,115,176,244,0,0,0,0,0,0,0,0,0,0,0,0,0,1,0,0,0,0,3,86,42,10,43,1
178,252,145,153,1911,363,115,159,354,0,0,0,0,0,0,0,0,0,0,0,1,0,0,0,0,3,86,42,10,43,1
144,313,157,266,114,196,254,0,0,0,0,0,0,0,0,0,0,0,0,0,1,0,0,0,0,3,86,42,10,43,1
177,190,165,265,116,199,230,0,0,0,0,0,0,0,0,0,0,0,0,0,1,0,0,0,0,3,86,42,10,43,1
618,218,201,215,126,223,258,0,0,0,0,0,0,0,0,0,0,0,0,0,1,0,0,0,0,3,86,42,10,43,1
187,193,166,219,132,174,273,0,0,0,0,0,0,0,0,0,0,0,0,0,1,0,0,0,0,3,86,42,10,43,1
229,224,188,204,138,199,192,0,0,0,0,0,0,0,0,0,0,0,0,0,1,0,0,0,0,3,86,42,10,43,1
207,168,141,188,130,169,197,0,0,0,0,0,0,0,0,0,0,0,0,0,1,0,0,0,0,3,86,42,10,43,1
203,216,143,226,122,200,294,0,0,0,0,0,0,0,0,0,0,0,0,0,1,0,0,0,0,3,86,42,10,43,1
242,174,149,212,130,180,286,0,0,0,0,0,0,0,0,0,0,0,0,0,1,0,0,0,0,3,86,42,10,43,1
183,205,188,388,138,192,251,0,0,0,0,0,0,0,0,0,0,0,0,0,1,0,0,0,0,3,86,42,10,43,1
173,209,125,257,120,211,274,0,0,0,0,0,0,0,0,0,0,0,0,0,1,0,0,0,0,3,86,42,10,43,1
231,193,151,253,118,181,237,0,0,0,0,0,0,0,0,0,0,0,0,0,1,0,0,0,0,3,86,42,10,43,1
204,296,133,230,1228,372,135,171,372,0,0,0,0,0,0,0,0,0,0,0,1,0,0,0,0,3,86,42,10,43,1
262,264,175,268,143,235,323,0,0,0,0,0,0,0,0,0,0,0,0,0,1,0,0,0,0,3,86,42,10,43,1
207,329,197,266,129,200,309,0,0,0,0,0,0,0,0,0,0,0,0,0,1,0,0,0,0,3,86,42,10,43,1
167,207,140,227,127,182,995,0,0,0,0,0,0,0,0,0,0,0,0,0,1,0,0,0,0,3,86,42,10,43,1
237,207,149,727,137,270,608,0,0,0,0,0,0,0,0,0,0,0,0,0,1,0,0,0,0,3,86,42,10,43,1
187,213,150,277,142,181,363,0,0,0,0,0,0,0,0,0,0,0,0,0,1,0,0,0,0,3,86,42,10,43,1
192,963,186,386,116,197,396,0,0,0,0,0,0,0,0,0,0,0,0,0,1,0,0,0,0,3,86,42,10,43,1
184,207,142,235,119,184,271,0,0,0,0,0,0,0,0,0,0,0,0,0,1,0,0,0,0,3,86,42,10,43,1
294,292,425,291,136,161,259,0,0,0,0,0,0,0,0,0,0,0,0,0,1,0,0,0,0,3,86,42,10,43,1
199,207,143,350,123,187,265,0,0,0,0,0,0,0,0,0,0,0,0,0,1,0,0,0,0,3,86,42,10,43,1
175,216,170,366,118,178,336,0,0,0,0,0,0,0,0,0,0,0,0,0,1,0,0,0,0,3,86,42,10,43,1
258,225,145,427,136,214,721,0,0,0,0,0,0,0,0,0,0,0,0,0,1,0,0,0,0,3,86,42,10,43,1
135,182,167,208,133,159,286,0,0,0,0,0,0,0,0,0,0,0,0,0,1,0,0,0,0,3,86,42,10,43,1
185,277,224,401,149,200,569,0,0,0,0,0,0,0,0,0,0,0,0,0,1,0,0,0,0,3,86,42,10,43,1
653,199,190,198,119,166,687,0,0,0,0,0,0,0,0,0,0,0,0,0,1,0,0,0,0,3,86,42,10,43,1
181,212,274,305,137,178,344,0,0,0,0,0,0,0,0,0,0,0,0,0,1,0,0,0,0,3,86,42,10,43,1
241,194,182,334,149,184,228,0,0,0,0,0,0,0,0,0,0,0,0,0,1,0,0,0,0,3,86,42,10,43,1
188,196,176,207,119,185,470,0,0,0,0,0,0,0,0,0,0,0,0,0,1,0,0,0,0,3,86,42,10,43,1
186,192,199,235,130,172,288,0,0,0,0,0,0,0,0,0,0,0,0,0,1,0,0,0,0,3,86,42,10,43,1
167,174,175,215,139,141,717,0,0,0,0,0,0,0,0,0,0,0,0,0,1,0,0,0,0,3,86,42,10,43,1
186,193,162,233,130,164,286,0,0,0,0,0,0,0,0,0,0,0,0,0,1,0,0,0,0,3,86,42,10,43,1
162,185,157,991,157,195,649,0,0,0,0,0,0,0,0,0,0,0,0,0,1,0,0,0,0,3,86,42,10,43,1
209,187,186,255,124,163,266,0,0,0,0,0,0,0,0,0,0,0,0,0,1,0,0,0,0,3,86,42,10,43,1
243,201,379,465,160,232,383,0,0,0,0,0,0,0,0,0,0,0,0,0,1,0,0,0,0,3,86,42,10,43,1
177,181,180,215,146,143,434,0,0,0,0,0,0,0,0,0,0,0,0,0,1,0,0,0,0,3,86,42,10,43,1
158,184,158,229,125,165,449,0,0,0,0,0,0,0,0,0,0,0,0,0,1,0,0,0,0,3,86,42,10,43,1
187,269,135,726,477,138,170,466,0,0,0,0,0,0,0,0,0,0,0,0,1,0,0,0,0,3,86,42,10,43,1
170,219,149,243,127,196,312,0,0,0,0,0,0,0,0,0,0,0,0,0,1,0,0,0,0,3,86,42,10,43,1
220,182,205,190,136,178,271,0,0,0,0,0,0,0,0,0,0,0,0,0,1,0,0,0,0,3,86,42,10,43,1
290,232,215,189,141,159,795,0,0,0,0,0,0,0,0,0,0,0,0,0,1,0,0,0,0,3,86,42,10,43,1
187,210,177,212,127,159,532,0,0,0,0,0,0,0,0,0,0,0,0,0,1,0,0,0,0,3,86,42,10,43,1
229,192,204,248,131,230,467,0,0,0,0,0,0,0,0,0,0,0,0,0,1,0,0,0,0,3,86,42,10,43,1
280,266,372,343,128,178,890,0,0,0,0,0,0,0,0,0,0,0,0,0,1,0,0,0,0,3,86,42,10,43,1
191,170,181,188,110,178,277,0,0,0,0,0,0,0,0,0,0,0,0,0,1,0,0,0,0,3,86,42,10,43,1
198,195,217,216,132,186,309,0,0,0,0,0,0,0,0,0,0,0,0,0,1,0,0,0,0,3,86,42,10,43,1
217,172,158,234,138,180,294,0,0,0,0,0,0,0,0,0,0,0,0,0,1,0,0,0,0,3,86,42,10,43,1
243,348,238,440,140,194,363,0,0,0,0,0,0,0,0,0,0,0,0,0,1,0,0,0,0,3,86,42,10,43,1
258,720,137,252,853,556,896,120,168,251,0,0,0,0,0,0,0,0,0,0,1,0,0,0,0,3,86,42,10,43,1
248,271,244,1360,143,196,572,0,0,0,0,0,0,0,0,0,0,0,0,0,1,0,0,0,0,3,86,42,10,43,1
180,218,191,214,130,182,809,0,0,0,0,0,0,0,0,0,0,0,0,0,1,0,0,0,0,3,86,42,10,43,1
189,181,209,733,132,169,378,0,0,0,0,0,0,0,0,0,0,0,0,0,1,0,0,0,0,3,86,42,10,43,1
201,172,201,251,111,173,253,0,0,0,0,0,0,0,0,0,0,0,0,0,1,0,0,0,0,3,86,42,10,43,1
202,186,224,384,129,188,279,0,0,0,0,0,0,0,0,0,0,0,0,0,1,0,0,0,0,3,86,42,10,43,1
191,238,233,393,147,184,291,0,0,0,0,0,0,0,0,0,0,0,0,0,1,0,0,0,0,3,86,42,10,43,1
215,228,173,271,130,176,295,0,0,0,0,0,0,0,0,0,0,0,0,0,1,0,0,0,0,3,86,42,10,43,1
198,202,195,402,133,176,242,0,0,0,0,0,0,0,0,0,0,0,0,0,1,0,0,0,0,3,86,42,10,43,1
215,206,223,267,127,194,317,0,0,0,0,0,0,0,0,0,0,0,0,0,1,0,0,0,0,3,86,42,10,43,1
182,297,231,204,131,185,224,0,0,0,0,0,0,0,0,0,0,0,0,0,1,0,0,0,0,3,86,42,10,43,1
282,201,189,411,146,209,258,0,0,0,0,0,0,0,0,0,0,0,0,0,1,0,0,0,0,3,86,42,10,43,1
190,191,182,421,127,203,204,0,0,0,0,0,0,0,0,0,0,0,0,0,1,0,0,0,0,3,86,42,10,43,1
194,191,163,306,131,208,304,0,0,0,0,0,0,0,0,0,0,0,0,0,1,0,0,0,0,3,86,42,10,43,1
200,201,241,286,141,194,603,0,0,0,0,0,0,0,0,0,0,0,0,0,1,0,0,0,0,3,86,42,10,43,1
211,282,187,241,113,190,354,0,0,0,0,0,0,0,0,0,0,0,0,0,1,0,0,0,0,3,86,42,10,43,1
515,338,218,220,127,235,415,0,0,0,0,0,0,0,0,0,0,0,0,0,1,0,0,0,0,3,86,42,10,43,1
182,200,166,272,116,181,330,0,0,0,0,0,0,0,0,0,0,0,0,0,1,0,0,0,0,3,86,42,10,43,1
190,204,192,254,117,194,346,0,0,0,0,0,0,0,0,0,0,0,0,0,1,0,0,0,0,3,86,42,10,43,1
187,238,190,202,121,169,267,0,0,0,0,0,0,0,0,0,0,0,0,0,1,0,0,0,0,3,86,42,10,43,1
191,196,216,219,140,261,293,0,0,0,0,0,0,0,0,0,0,0,0,0,1,0,0,0,0,3,86,42,10,43,1
199,198,169,237,112,188,305,0,0,0,0,0,0,0,0,0,0,0,0,0,1,0,0,0,0,3,86,42,10,43,1
161,174,170,160,123,152,251,0,0,0,0,0,0,0,0,0,0,0,0,0,1,0,0,0,0,3,86,42,10,43,1
161,183,173,185,122,163,321,0,0,0,0,0,0,0,0,0,0,0,0,0,1,0,0,0,0,3,86,42,10,43,1
169,176,162,178,106,149,342,0,0,0,0,0,0,0,0,0,0,0,0,0,1,0,0,0,0,3,86,42,10,43,1
208,177,205,215,125,158,274,0,0,0,0,0,0,0,0,0,0,0,0,0,1,0,0,0,0,3,86,42,10,43,1
197,172,176,670,121,197,337,0,0,0,0,0,0,0,0,0,0,0,0,0,1,0,0,0,0,3,86,42,10,43,1
205,176,179,217,134,152,254,0,0,0,0,0,0,0,0,0,0,0,0,0,1,0,0,0,0,3,86,42,10,43,1
166,193,167,605,243,248,291,0,0,0,0,0,0,0,0,0,0,0,0,0,1,0,0,0,0,3,86,42,10,43,1
192,192,207,234,128,176,298,0,0,0,0,0,0,0,0,0,0,0,0,0,1,0,0,0,0,3,86,42,10,43,1
368,511,184,148,206,126,232,266,0,0,0,0,0,0,0,0,0,0,0,0,1,0,0,0,0,3,86,42,10,43,1
368,511,184,148,206,126,232,266,409,0,0,0,0,0,0,0,0,0,0,0,1,0,0,0,0,3,86,42,10,43,1
228,238,165,198,116,176,220,0,0,0,0,0,0,0,0,0,0,0,0,0,1,0,0,0,0,3,86,42,10,43,1
224,183,160,197,113,165,232,0,0,0,0,0,0,0,0,0,0,0,0,0,1,0,0,0,0,3,86,42,10,43,1
213,247,382,83,945,329,210,173,385,0,0,0,0,0,0,0,0,0,0,0,1,0,0,0,0,3,86,42,10,43,1
200,172,203,203,127,186,216,0,0,0,0,0,0,0,0,0,0,0,0,0,1,0,0,0,0,3,86,42,10,43,1
217,206,180,208,130,191,228,0,0,0,0,0,0,0,0,0,0,0,0,0,1,0,0,0,0,3,86,42,10,43,1
183,182,161,194,123,183,217,0,0,0,0,0,0,0,0,0,0,0,0,0,1,0,0,0,0,3,86,42,10,43,1
173,196,197,197,104,157,243,0,0,0,0,0,0,0,0,0,0,0,0,0,1,0,0,0,0,3,86,42,10,43,1
191,188,155,209,137,161,209,0,0,0,0,0,0,0,0,0,0,0,0,0,1,0,0,0,0,3,86,42,10,43,1
192,167,171,188,127,181,232,0,0,0,0,0,0,0,0,0,0,0,0,0,1,0,0,0,0,3,86,42,10,43,1
218,181,176,212,132,192,195,0,0,0,0,0,0,0,0,0,0,0,0,0,1,0,0,0,0,3,86,42,10,43,1
191,168,200,307,136,231,227,0,0,0,0,0,0,0,0,0,0,0,0,0,1,0,0,0,0,3,86,42,10,43,1
187,174,183,220,139,197,204,0,0,0,0,0,0,0,0,0,0,0,0,0,1,0,0,0,0,3,86,42,10,43,1
184,170,180,201,128,175,210,0,0,0,0,0,0,0,0,0,0,0,0,0,1,0,0,0,0,3,86,42,10,43,1
173,170,167,184,127,190,205,0,0,0,0,0,0,0,0,0,0,0,0,0,1,0,0,0,0,3,86,42,10,43,1
191,179,206,235,126,216,189,0,0,0,0,0,0,0,0,0,0,0,0,0,1,0,0,0,0,3,86,42,10,43,1
178,186,158,199,129,182,193,0,0,0,0,0,0,0,0,0,0,0,0,0,1,0,0,0,0,3,86,42,10,43,1
161,174,162,196,121,168,182,0,0,0,0,0,0,0,0,0,0,0,0,0,1,0,0,0,0,3,86,42,10,43,1
210,165,193,185,145,250,351,0,0,0,0,0,0,0,0,0,0,0,0,0,1,0,0,0,0,3,86,42,10,43,1
191,173,178,331,380,220,273,0,0,0,0,0,0,0,0,0,0,0,0,0,1,0,0,0,0,3,86,42,10,43,1
199,163,190,248,119,195,236,0,0,0,0,0,0,0,0,0,0,0,0,0,1,0,0,0,0,3,86,42,10,43,1
185,171,190,198,126,174,289,0,0,0,0,0,0,0,0,0,0,0,0,0,1,0,0,0,0,3,86,42,10,43,1
275,216,195,241,143,254,239,0,0,0,0,0,0,0,0,0,0,0,0,0,1,0,0,0,0,3,86,42,10,43,1
514,219,196,230,131,200,250,0,0,0,0,0,0,0,0,0,0,0,0,0,1,0,0,0,0,3,86,42,10,43,1
185,173,172,224,135,188,204,0,0,0,0,0,0,0,0,0,0,0,0,0,1,0,0,0,0,3,86,42,10,43,1
168,165,190,219,140,170,219,0,0,0,0,0,0,0,0,0,0,0,0,0,1,0,0,0,0,3,86,42,10,43,1
171,209,198,230,124,193,280,0,0,0,0,0,0,0,0,0,0,0,0,0,1,0,0,0,0,3,86,42,10,43,1
195,177,202,217,122,207,188,0,0,0,0,0,0,0,0,0,0,0,0,0,1,0,0,0,0,3,86,42,10,43,1
502,209,204,201,145,191,273,0,0,0,0,0,0,0,0,0,0,0,0,0,1,0,0,0,0,3,86,42,10,43,1
172,185,185,220,134,192,211,0,0,0,0,0,0,0,0,0,0,0,0,0,1,0,0,0,0,3,86,42,10,43,1
213,215,280,250,123,188,241,0,0,0,0,0,0,0,0,0,0,0,0,0,1,0,0,0,0,3,86,42,10,43,1
165,196,184,224,142,237,236,0,0,0,0,0,0,0,0,0,0,0,0,0,1,0,0,0,0,3,86,42,10,43,1
202,219,182,219,131,195,209,0,0,0,0,0,0,0,0,0,0,0,0,0,1,0,0,0,0,3,86,42,10,43,1
166,191,194,202,128,290,277,0,0,0,0,0,0,0,0,0,0,0,0,0,1,0,0,0,0,3,86,42,10,43,1
170,215,194,215,138,198,213,0,0,0,0,0,0,0,0,0,0,0,0,0,1,0,0,0,0,3,86,42,10,43,1
197,186,217,292,157,261,239,0,0,0,0,0,0,0,0,0,0,0,0,0,1,0,0,0,0,3,86,42,10,43,1
179,187,176,218,134,182,185,0,0,0,0,0,0,0,0,0,0,0,0,0,1,0,0,0,0,3,86,42,10,43,1
169,188,176,192,120,197,171,0,0,0,0,0,0,0,0,0,0,0,0,0,1,0,0,0,0,3,86,42,10,43,1
177,198,181,234,139,193,211,0,0,0,0,0,0,0,0,0,0,0,0,0,1,0,0,0,0,3,86,42,10,43,1
187,174,196,192,123,181,248,0,0,0,0,0,0,0,0,0,0,0,0,0,1,0,0,0,0,3,86,42,10,43,1
155,165,168,185,131,171,213,0,0,0,0,0,0,0,0,0,0,0,0,0,1,0,0,0,0,3,86,42,10,43,1
182,173,175,227,126,195,206,0,0,0,0,0,0,0,0,0,0,0,0,0,1,0,0,0,0,3,86,42,10,43,1
177,217,236,242,139,203,228,0,0,0,0,0,0,0,0,0,0,0,0,0,1,0,0,0,0,3,86,42,10,43,1
211,209,246,244,157,211,221,0,0,0,0,0,0,0,0,0,0,0,0,0,1,0,0,0,0,3,86,42,10,43,1
198,202,182,224,147,202,206,0,0,0,0,0,0,0,0,0,0,0,0,0,1,0,0,0,0,3,86,42,10,43,1
172,195,178,232,140,190,175,0,0,0,0,0,0,0,0,0,0,0,0,0,1,0,0,0,0,3,86,42,10,43,1
174,192,186,227,152,217,186,0,0,0,0,0,0,0,0,0,0,0,0,0,1,0,0,0,0,3,86,42,10,43,1
176,188,197,232,157,219,194,0,0,0,0,0,0,0,0,0,0,0,0,0,1,0,0,0,0,3,86,42,10,43,1
521,231,199,216,155,213,237,0,0,0,0,0,0,0,0,0,0,0,0,0,1,0,0,0,0,3,86,42,10,43,1
194,214,200,244,159,199,235,0,0,0,0,0,0,0,0,0,0,0,0,0,1,0,0,0,0,3,86,42,10,43,1
196,216,234,230,144,193,234,0,0,0,0,0,0,0,0,0,0,0,0,0,1,0,0,0,0,3,86,42,10,43,1
201,206,217,269,144,233,527,0,0,0,0,0,0,0,0,0,0,0,0,0,1,0,0,0,0,3,86,42,10,43,1
192,184,198,198,137,199,201,0,0,0,0,0,0,0,0,0,0,0,0,0,1,0,0,0,0,3,86,42,10,43,1
179,188,168,202,133,173,216,0,0,0,0,0,0,0,0,0,0,0,0,0,1,0,0,0,0,3,86,42,10,43,1
172,194,175,197,143,190,194,0,0,0,0,0,0,0,0,0,0,0,0,0,1,0,0,0,0,3,86,42,10,43,1
195,177,191,240,140,209,249,0,0,0,0,0,0,0,0,0,0,0,0,0,1,0,0,0,0,3,86,42,10,43,1
177,179,168,189,123,161,334,0,0,0,0,0,0,0,0,0,0,0,0,0,1,0,0,0,0,3,86,42,10,43,1
187,185,183,214,153,187,217,0,0,0,0,0,0,0,0,0,0,0,0,0,1,0,0,0,0,3,86,42,10,43,1
168,174,184,208,137,192,230,0,0,0,0,0,0,0,0,0,0,0,0,0,1,0,0,0,0,3,86,42,10,43,1
162,176,173,218,171,222,359,0,0,0,0,0,0,0,0,0,0,0,0,0,1,0,0,0,0,3,86,42,10,43,1
325,297,210,252,143,269,294,0,0,0,0,0,0,0,0,0,0,0,0,0,1,0,0,0,0,3,86,42,10,43,1
191,192,212,227,155,214,323,0,0,0,0,0,0,0,0,0,0,0,0,0,1,0,0,0,0,3,86,42,10,43,1
231,199,191,243,148,240,237,0,0,0,0,0,0,0,0,0,0,0,0,0,1,0,0,0,0,3,86,42,10,43,1
183,196,205,244,153,206,212,0,0,0,0,0,0,0,0,0,0,0,0,0,1,0,0,0,0,3,86,42,10,43,1
201,170,198,228,130,207,208,0,0,0,0,0,0,0,0,0,0,0,0,0,1,0,0,0,0,3,86,42,10,43,1
210,187,188,224,158,182,378,0,0,0,0,0,0,0,0,0,0,0,0,0,1,0,0,0,0,3,86,42,10,43,1
166,202,202,253,158,220,241,0,0,0,0,0,0,0,0,0,0,0,0,0,1,0,0,0,0,3,86,42,10,43,1
183,187,214,301,133,280,335,0,0,0,0,0,0,0,0,0,0,0,0,0,1,0,0,0,0,3,86,42,10,43,1
184,200,229,265,153,259,300,0,0,0,0,0,0,0,0,0,0,0,0,0,1,0,0,0,0,3,86,42,10,43,1
153,205,193,197,144,182,267,0,0,0,0,0,0,0,0,0,0,0,0,0,1,0,0,0,0,3,86,42,10,43,1
194,216,200,238,162,200,236,0,0,0,0,0,0,0,0,0,0,0,0,0,1,0,0,0,0,3,86,42,10,43,1
173,196,194,255,155,198,231,0,0,0,0,0,0,0,0,0,0,0,0,0,1,0,0,0,0,3,86,42,10,43,1
178,201,248,238,135,198,366,0,0,0,0,0,0,0,0,0,0,0,0,0,1,0,0,0,0,3,86,42,10,43,1
178,208,201,564,232,130,174,221,0,0,0,0,0,0,0,0,0,0,0,0,1,0,0,0,0,3,86,42,10,43,1
192,210,616,288,142,250,231,0,0,0,0,0,0,0,0,0,0,0,0,0,1,0,0,0,0,3,86,42,10,43,1
204,205,228,239,152,218,235,0,0,0,0,0,0,0,0,0,0,0,0,0,1,0,0,0,0,3,86,42,10,43,1
176,205,221,241,186,213,259,0,0,0,0,0,0,0,0,0,0,0,0,0,1,0,0,0,0,3,86,42,10,43,1
292,220,209,224,137,202,220,0,0,0,0,0,0,0,0,0,0,0,0,0,1,0,0,0,0,3,86,42,10,43,1
177,194,195,242,177,225,248,0,0,0,0,0,0,0,0,0,0,0,0,0,1,0,0,0,0,3,86,42,10,43,1
202,211,569,322,154,210,250,0,0,0,0,0,0,0,0,0,0,0,0,0,1,0,0,0,0,3,86,42,10,43,1
768,221,178,241,129,201,415,0,0,0,0,0,0,0,0,0,0,0,0,0,1,0,0,0,0,3,86,42,10,43,1
251,178,424,297,182,231,624,0,0,0,0,0,0,0,0,0,0,0,0,0,1,0,0,0,0,3,86,42,10,43,1
248,234,274,246,132,178,444,0,0,0,0,0,0,0,0,0,0,0,0,0,1,0,0,0,0,3,86,42,10,43,1
224,232,220,246,118,211,542,0,0,0,0,0,0,0,0,0,0,0,0,0,1,0,0,0,0,3,86,42,10,43,1
176,198,177,197,127,204,348,0,0,0,0,0,0,0,0,0,0,0,0,0,1,0,0,0,0,3,86,42,10,43,1
184,178,186,181,115,170,278,0,0,0,0,0,0,0,0,0,0,0,0,0,1,0,0,0,0,3,86,42,10,43,1
178,208,296,265,140,207,537,0,0,0,0,0,0,0,0,0,0,0,0,0,1,0,0,0,0,3,86,42,10,43,1
168,191,162,195,126,178,287,0,0,0,0,0,0,0,0,0,0,0,0,0,1,0,0,0,0,3,86,42,10,43,1
186,182,188,206,133,178,296,0,0,0,0,0,0,0,0,0,0,0,0,0,1,0,0,0,0,3,86,42,10,43,1
187,183,159,208,126,162,268,0,0,0,0,0,0,0,0,0,0,0,0,0,1,0,0,0,0,3,86,42,10,43,1
208,157,186,220,122,197,298,0,0,0,0,0,0,0,0,0,0,0,0,0,1,0,0,0,0,3,86,42,10,43,1
186,189,206,244,161,208,396,0,0,0,0,0,0,0,0,0,0,0,0,0,1,0,0,0,0,3,86,42,10,43,1
172,180,184,236,137,178,314,0,0,0,0,0,0,0,0,0,0,0,0,0,1,0,0,0,0,3,86,42,10,43,1
161,196,164,239,132,170,262,0,0,0,0,0,0,0,0,0,0,0,0,0,1,0,0,0,0,3,86,42,10,43,1
215,171,193,243,132,163,292,0,0,0,0,0,0,0,0,0,0,0,0,0,1,0,0,0,0,3,86,42,10,43,1
165,180,171,223,127,198,331,0,0,0,0,0,0,0,0,0,0,0,0,0,1,0,0,0,0,3,86,42,10,43,1
170,181,166,209,141,184,282,0,0,0,0,0,0,0,0,0,0,0,0,0,1,0,0,0,0,3,86,42,10,43,1
163,187,196,207,129,198,272,0,0,0,0,0,0,0,0,0,0,0,0,0,1,0,0,0,0,3,86,42,10,43,1
559,305,370,382,147,181,318,0,0,0,0,0,0,0,0,0,0,0,0,0,1,0,0,0,0,3,86,42,10,43,1
216,191,199,235,121,226,245,0,0,0,0,0,0,0,0,0,0,0,0,0,1,0,0,0,0,3,86,42,10,43,1
164,173,191,200,139,174,243,0,0,0,0,0,0,0,0,0,0,0,0,0,1,0,0,0,0,3,86,42,10,43,1
191,189,205,206,130,171,313,0,0,0,0,0,0,0,0,0,0,0,0,0,1,0,0,0,0,3,86,42,10,43,1
188,172,168,245,132,184,293,0,0,0,0,0,0,0,0,0,0,0,0,0,1,0,0,0,0,3,86,42,10,43,1
163,166,174,222,127,182,275,0,0,0,0,0,0,0,0,0,0,0,0,0,1,0,0,0,0,3,86,42,10,43,1
231,190,189,212,121,175,380,0,0,0,0,0,0,0,0,0,0,0,0,0,1,0,0,0,0,3,86,42,10,43,1
200,203,164,201,118,173,237,0,0,0,0,0,0,0,0,0,0,0,0,0,1,0,0,0,0,3,86,42,10,43,1
211,183,213,234,135,212,254,0,0,0,0,0,0,0,0,0,0,0,0,0,1,0,0,0,0,3,86,42,10,43,1
201,180,181,240,131,188,292,0,0,0,0,0,0,0,0,0,0,0,0,0,1,0,0,0,0,3,86,42,10,43,1
209,176,210,239,122,230,285,0,0,0,0,0,0,0,0,0,0,0,0,0,1,0,0,0,0,3,86,42,10,43,1
183,178,179,195,118,181,234,0,0,0,0,0,0,0,0,0,0,0,0,0,1,0,0,0,0,3,86,42,10,43,1
180,182,169,206,126,182,443,0,0,0,0,0,0,0,0,0,0,0,0,0,1,0,0,0,0,3,86,42,10,43,1
217,182,216,224,123,180,358,0,0,0,0,0,0,0,0,0,0,0,0,0,1,0,0,0,0,3,86,42,10,43,1
175,173,184,201,136,175,274,0,0,0,0,0,0,0,0,0,0,0,0,0,1,0,0,0,0,3,86,42,10,43,1
171,188,173,215,124,191,282,0,0,0,0,0,0,0,0,0,0,0,0,0,1,0,0,0,0,3,86,42,10,43,1
214,175,182,211,120,159,222,0,0,0,0,0,0,0,0,0,0,0,0,0,1,0,0,0,0,3,86,42,10,43,1
183,165,206,194,128,200,244,0,0,0,0,0,0,0,0,0,0,0,0,0,1,0,0,0,0,3,86,42,10,43,1
170,196,173,204,128,208,210,0,0,0,0,0,0,0,0,0,0,0,0,0,1,0,0,0,0,3,86,42,10,43,1
158,191,186,208,136,189,217,0,0,0,0,0,0,0,0,0,0,0,0,0,1,0,0,0,0,3,86,42,10,43,1
157,182,182,208,124,180,254,0,0,0,0,0,0,0,0,0,0,0,0,0,1,0,0,0,0,3,86,42,10,43,1
156,186,205,202,134,175,216,0,0,0,0,0,0,0,0,0,0,0,0,0,1,0,0,0,0,3,86,42,10,43,1
161,179,164,201,120,167,239,0,0,0,0,0,0,0,0,0,0,0,0,0,1,0,0,0,0,3,86,42,10,43,1
160,188,171,197,128,207,248,0,0,0,0,0,0,0,0,0,0,0,0,0,1,0,0,0,0,3,86,42,10,43,1
159,190,176,209,148,211,232,0,0,0,0,0,0,0,0,0,0,0,0,0,1,0,0,0,0,3,86,42,10,43,1
188,197,177,221,142,213,313,0,0,0,0,0,0,0,0,0,0,0,0,0,1,0,0,0,0,3,86,42,10,43,1
214,182,186,210,135,177,241,0,0,0,0,0,0,0,0,0,0,0,0,0,1,0,0,0,0,3,86,42,10,43,1
187,200,175,195,131,186,217,0,0,0,0,0,0,0,0,0,0,0,0,0,1,0,0,0,0,3,86,42,10,43,1
171,183,167,188,130,167,300,0,0,0,0,0,0,0,0,0,0,0,0,0,1,0,0,0,0,3,86,42,10,43,1
169,176,179,211,140,196,252,0,0,0,0,0,0,0,0,0,0,0,0,0,1,0,0,0,0,3,86,42,10,43,1
169,187,172,217,138,183,226,0,0,0,0,0,0,0,0,0,0,0,0,0,1,0,0,0,0,3,86,42,10,43,1
175,179,167,205,134,184,243,0,0,0,0,0,0,0,0,0,0,0,0,0,1,0,0,0,0,3,86,42,10,43,1
176,195,166,193,135,197,236,0,0,0,0,0,0,0,0,0,0,0,0,0,1,0,0,0,0,3,86,42,10,43,1
174,215,247,271,145,222,198,0,0,0,0,0,0,0,0,0,0,0,0,0,1,0,0,0,0,3,86,42,10,43,1
193,169,205,180,142,191,241,0,0,0,0,0,0,0,0,0,0,0,0,0,1,0,0,0,0,3,86,42,10,43,1
185,217,197,191,107,172,218,0,0,0,0,0,0,0,0,0,0,0,0,0,1,0,0,0,0,3,86,42,10,43,1
173,181,164,186,121,150,268,0,0,0,0,0,0,0,0,0,0,0,0,0,1,0,0,0,0,3,86,42,10,43,1
179,197,191,251,129,208,328,0,0,0,0,0,0,0,0,0,0,0,0,0,1,0,0,0,0,3,86,42,10,43,1
181,193,190,228,149,209,304,0,0,0,0,0,0,0,0,0,0,0,0,0,1,0,0,0,0,3,86,42,10,43,1
187,186,172,241,142,209,215,0,0,0,0,0,0,0,0,0,0,0,0,0,1,0,0,0,0,3,86,42,10,43,1
176,194,197,213,144,207,273,0,0,0,0,0,0,0,0,0,0,0,0,0,1,0,0,0,0,3,86,42,10,43,1
170,194,198,279,129,205,230,0,0,0,0,0,0,0,0,0,0,0,0,0,1,0,0,0,0,3,86,42,10,43,1
172,189,225,234,153,223,220,0,0,0,0,0,0,0,0,0,0,0,0,0,1,0,0,0,0,3,86,42,10,43,1
166,194,196,238,151,198,221,0,0,0,0,0,0,0,0,0,0,0,0,0,1,0,0,0,0,3,86,42,10,43,1
200,191,214,308,179,199,201,0,0,0,0,0,0,0,0,0,0,0,0,0,1,0,0,0,0,3,86,42,10,43,1
191,189,204,265,150,239,304,0,0,0,0,0,0,0,0,0,0,0,0,0,1,0,0,0,0,3,86,42,10,43,1
194,182,205,235,158,200,194,0,0,0,0,0,0,0,0,0,0,0,0,0,1,0,0,0,0,3,86,42,10,43,1
161,178,204,219,133,183,241,0,0,0,0,0,0,0,0,0,0,0,0,0,1,0,0,0,0,3,86,42,10,43,1
180,188,202,239,145,195,198,0,0,0,0,0,0,0,0,0,0,0,0,0,1,0,0,0,0,3,86,42,10,43,1
177,226,208,263,161,219,251,0,0,0,0,0,0,0,0,0,0,0,0,0,1,0,0,0,0,3,86,42,10,43,1
190,213,207,282,225,241,337,0,0,0,0,0,0,0,0,0,0,0,0,0,1,0,0,0,0,3,86,42,10,43,1
191,213,229,250,149,224,203,0,0,0,0,0,0,0,0,0,0,0,0,0,1,0,0,0,0,3,86,42,10,43,1
216,200,202,243,149,233,176,0,0,0,0,0,0,0,0,0,0,0,0,0,1,0,0,0,0,3,86,42,10,43,1
179,192,198,242,151,221,210,0,0,0,0,0,0,0,0,0,0,0,0,0,1,0,0,0,0,3,86,42,10,43,1
199,208,216,261,152,209,203,0,0,0,0,0,0,0,0,0,0,0,0,0,1,0,0,0,0,3,86,42,10,43,1
222,196,211,259,139,213,291,0,0,0,0,0,0,0,0,0,0,0,0,0,1,0,0,0,0,3,86,42,10,43,1
194,201,224,249,180,214,234,0,0,0,0,0,0,0,0,0,0,0,0,0,1,0,0,0,0,3,86,42,10,43,1
217,191,186,228,145,186,281,0,0,0,0,0,0,0,0,0,0,0,0,0,1,0,0,0,0,3,86,42,10,43,1
241,203,259,304,170,210,286,0,0,0,0,0,0,0,0,0,0,0,0,0,1,0,0,0,0,3,86,42,10,43,1
181,223,225,215,136,225,277,0,0,0,0,0,0,0,0,0,0,0,0,0,1,0,0,0,0,3,86,42,10,43,1
226,167,687,318,156,254,332,0,0,0,0,0,0,0,0,0,0,0,0,0,1,0,0,0,0,3,86,42,10,43,1
220,201,202,254,154,207,266,0,0,0,0,0,0,0,0,0,0,0,0,0,1,0,0,0,0,3,86,42,10,43,1
193,189,185,216,142,192,419,0,0,0,0,0,0,0,0,0,0,0,0,0,1,0,0,0,0,3,86,42,10,43,1
215,205,178,226,137,170,230,0,0,0,0,0,0,0,0,0,0,0,0,0,1,0,0,0,0,3,86,42,10,43,1
221,193,225,221,151,205,225,0,0,0,0,0,0,0,0,0,0,0,0,0,1,0,0,0,0,3,86,42,10,43,1
190,213,232,241,149,178,213,0,0,0,0,0,0,0,0,0,0,0,0,0,1,0,0,0,0,3,86,42,10,43,1
232,208,281,537,173,457,1467,0,0,0,0,0,0,0,0,0,0,0,0,0,1,0,0,0,0,3,86,42,10,43,1
442,214,224,267,135,189,458,0,0,0,0,0,0,0,0,0,0,0,0,0,1,0,0,0,0,3,86,42,10,43,1
152,162,149,208,122,155,250,0,0,0,0,0,0,0,0,0,0,0,0,0,1,0,0,0,0,3,86,42,10,43,1
280,238,204,296,151,214,440,0,0,0,0,0,0,0,0,0,0,0,0,0,1,0,0,0,0,3,86,42,10,43,1
221,216,213,267,149,218,383,0,0,0,0,0,0,0,0,0,0,0,0,0,1,0,0,0,0,3,86,42,10,43,1
183,215,218,247,144,212,327,0,0,0,0,0,0,0,0,0,0,0,0,0,1,0,0,0,0,3,86,42,10,43,1
212,216,199,252,153,202,257,0,0,0,0,0,0,0,0,0,0,0,0,0,1,0,0,0,0,3,86,42,10,43,1
191,213,235,674,156,171,400,0,0,0,0,0,0,0,0,0,0,0,0,0,1,0,0,0,0,3,86,42,10,43,1
231,230,407,541,166,175,374,0,0,0,0,0,0,0,0,0,0,0,0,0,1,0,0,0,0,3,86,42,10,43,1
197,201,217,210,131,175,338,0,0,0,0,0,0,0,0,0,0,0,0,0,1,0,0,0,0,3,86,42,10,43,1
350,575,197,166,241,124,170,242,0,0,0,0,0,0,0,0,0,0,0,0,1,0,0,0,0,3,86,42,10,43,1
202,175,197,229,143,182,194,0,0,0,0,0,0,0,0,0,0,0,0,0,1,0,0,0,0,3,86,42,10,43,1
174,193,197,209,139,161,215,0,0,0,0,0,0,0,0,0,0,0,0,0,1,0,0,0,0,3,86,42,10,43,1
173,197,182,220,131,176,189,0,0,0,0,0,0,0,0,0,0,0,0,0,1,0,0,0,0,3,86,42,10,43,1
167,197,188,225,146,175,220,0,0,0,0,0,0,0,0,0,0,0,0,0,1,0,0,0,0,3,86,42,10,43,1
211,218,180,713,238,157,147,205,0,0,0,0,0,0,0,0,0,0,0,0,1,0,0,0,0,3,86,42,10,43,1
180,214,534,224,131,163,211,0,0,0,0,0,0,0,0,0,0,0,0,0,1,0,0,0,0,3,86,42,10,43,1
172,200,221,254,123,190,667,0,0,0,0,0,0,0,0,0,0,0,0,0,1,0,0,0,0,3,86,42,10,43,1
201,178,229,243,152,204,245,0,0,0,0,0,0,0,0,0,0,0,0,0,1,0,0,0,0,3,86,42,10,43,1
182,199,186,230,129,205,389,0,0,0,0,0,0,0,0,0,0,0,0,0,1,0,0,0,0,3,86,42,10,43,1
168,189,182,212,144,177,203,0,0,0,0,0,0,0,0,0,0,0,0,0,1,0,0,0,0,3,86,42,10,43,1
168,195,177,217,142,175,228,0,0,0,0,0,0,0,0,0,0,0,0,0,1,0,0,0,0,3,86,42,10,43,1
167,207,214,248,142,169,258,0,0,0,0,0,0,0,0,0,0,0,0,0,1,0,0,0,0,3,86,42,10,43,1
163,196,208,208,132,192,198,0,0,0,0,0,0,0,0,0,0,0,0,0,1,0,0,0,0,3,86,42,10,43,1
215,187,178,237,149,198,225,0,0,0,0,0,0,0,0,0,0,0,0,0,1,0,0,0,0,3,86,42,10,43,1
182,200,172,232,144,202,253,0,0,0,0,0,0,0,0,0,0,0,0,0,1,0,0,0,0,3,86,42,10,43,1
526,229,195,252,166,156,266,0,0,0,0,0,0,0,0,0,0,0,0,0,1,0,0,0,0,3,86,42,10,43,1
233,174,216,254,136,208,232,0,0,0,0,0,0,0,0,0,0,0,0,0,1,0,0,0,0,3,86,42,10,43,1
187,201,174,217,154,176,222,0,0,0,0,0,0,0,0,0,0,0,0,0,1,0,0,0,0,3,86,42,10,43,1
165,209,195,231,131,149,201,0,0,0,0,0,0,0,0,0,0,0,0,0,1,0,0,0,0,3,86,42,10,43,1
148,157,167,157,102,135,188,0,0,0,0,0,0,0,0,0,0,0,0,0,1,0,0,0,0,3,86,42,10,43,1
134,202,186,219,131,178,226,0,0,0,0,0,0,0,0,0,0,0,0,0,1,0,0,0,0,3,86,42,10,43,1
256,185,210,245,150,175,243,0,0,0,0,0,0,0,0,0,0,0,0,0,1,0,0,0,0,3,86,42,10,43,1
163,177,169,219,151,219,237,0,0,0,0,0,0,0,0,0,0,0,0,0,1,0,0,0,0,3,86,42,10,43,1
187,184,187,256,154,213,241,0,0,0,0,0,0,0,0,0,0,0,0,0,1,0,0,0,0,3,86,42,10,43,1
186,203,178,217,149,184,221,0,0,0,0,0,0,0,0,0,0,0,0,0,1,0,0,0,0,3,86,42,10,43,1
195,195,192,237,151,221,253,0,0,0,0,0,0,0,0,0,0,0,0,0,1,0,0,0,0,3,86,42,10,43,1
191,189,175,209,154,178,223,0,0,0,0,0,0,0,0,0,0,0,0,0,1,0,0,0,0,3,86,42,10,43,1
179,193,209,224,156,177,216,0,0,0,0,0,0,0,0,0,0,0,0,0,1,0,0,0,0,3,86,42,10,43,1
175,214,216,227,166,170,238,0,0,0,0,0,0,0,0,0,0,0,0,0,1,0,0,0,0,3,86,42,10,43,1
180,253,232,253,168,184,205,0,0,0,0,0,0,0,0,0,0,0,0,0,1,0,0,0,0,3,86,42,10,43,1
200,205,199,258,177,221,671,0,0,0,0,0,0,0,0,0,0,0,0,0,1,0,0,0,0,3,86,42,10,43,1
230,201,220,248,131,175,225,0,0,0,0,0,0,0,0,0,0,0,0,0,1,0,0,0,0,3,86,42,10,43,1
176,228,245,285,157,187,232,0,0,0,0,0,0,0,0,0,0,0,0,0,1,0,0,0,0,3,86,42,10,43,1
214,189,215,258,139,194,239,0,0,0,0,0,0,0,0,0,0,0,0,0,1,0,0,0,0,3,86,42,10,43,1
233,189,216,259,151,174,203,0,0,0,0,0,0,0,0,0,0,0,0,0,1,0,0,0,0,3,86,42,10,43,1
185,176,194,215,143,175,206,0,0,0,0,0,0,0,0,0,0,0,0,0,1,0,0,0,0,3,86,42,10,43,1
203,195,202,239,139,171,251,0,0,0,0,0,0,0,0,0,0,0,0,0,1,0,0,0,0,3,86,42,10,43,1
194,196,208,237,133,197,209,0,0,0,0,0,0,0,0,0,0,0,0,0,1,0,0,0,0,3,86,42,10,43,1
199,182,179,221,148,219,260,0,0,0,0,0,0,0,0,0,0,0,0,0,1,0,0,0,0,3,86,42,10,43,1
206,174,198,229,142,181,215,0,0,0,0,0,0,0,0,0,0,0,0,0,1,0,0,0,0,3,86,42,10,43,1
196,205,204,244,144,179,231,0,0,0,0,0,0,0,0,0,0,0,0,0,1,0,0,0,0,3,86,42,10,43,1
223,336,399,276,152,199,197,0,0,0,0,0,0,0,0,0,0,0,0,0,1,0,0,0,0,3,86,42,10,43,1
157,205,224,244,154,188,234,0,0,0,0,0,0,0,0,0,0,0,0,0,1,0,0,0,0,3,86,42,10,43,1
169,183,176,242,153,210,200,0,0,0,0,0,0,0,0,0,0,0,0,0,1,0,0,0,0,3,86,42,10,43,1
194,200,195,228,145,177,236,0,0,0,0,0,0,0,0,0,0,0,0,0,1,0,0,0,0,3,86,42,10,43,1
286,211,199,293,152,181,235,0,0,0,0,0,0,0,0,0,0,0,0,0,1,0,0,0,0,3,86,42,10,43,1
221,229,194,269,151,175,243,0,0,0,0,0,0,0,0,0,0,0,0,0,1,0,0,0,0,3,86,42,10,43,1
204,197,178,252,145,175,208,0,0,0,0,0,0,0,0,0,0,0,0,0,1,0,0,0,0,3,86,42,10,43,1
261,202,232,255,147,199,218,0,0,0,0,0,0,0,0,0,0,0,0,0,1,0,0,0,0,3,86,42,10,43,1
240,182,208,230,150,180,240,0,0,0,0,0,0,0,0,0,0,0,0,0,1,0,0,0,0,3,86,42,10,43,1
257,179,218,283,153,178,212,0,0,0,0,0,0,0,0,0,0,0,0,0,1,0,0,0,0,3,86,42,10,43,1
186,177,164,243,173,195,277,0,0,0,0,0,0,0,0,0,0,0,0,0,1,0,0,0,0,3,86,42,10,43,1
212,195,192,256,143,179,219,0,0,0,0,0,0,0,0,0,0,0,0,0,1,0,0,0,0,3,86,42,10,43,1
187,183,182,209,138,163,244,0,0,0,0,0,0,0,0,0,0,0,0,0,1,0,0,0,0,3,86,42,10,43,1
191,161,181,205,125,171,262,0,0,0,0,0,0,0,0,0,0,0,0,0,1,0,0,0,0,3,86,42,10,43,1
166,214,172,346,139,183,316,0,0,0,0,0,0,0,0,0,0,0,0,0,1,0,0,0,0,3,86,42,10,43,1
185,192,231,221,133,185,208,0,0,0,0,0,0,0,0,0,0,0,0,0,1,0,0,0,0,3,86,42,10,43,1
175,189,548,216,116,148,245,0,0,0,0,0,0,0,0,0,0,0,0,0,1,0,0,0,0,3,86,42,10,43,1
204,218,178,216,137,153,210,0,0,0,0,0,0,0,0,0,0,0,0,0,1,0,0,0,0,3,86,42,10,43,1
220,190,194,229,138,155,241,0,0,0,0,0,0,0,0,0,0,0,0,0,1,0,0,0,0,3,86,42,10,43,1
189,192,215,269,165,156,218,0,0,0,0,0,0,0,0,0,0,0,0,0,1,0,0,0,0,3,86,42,10,43,1
182,199,184,228,147,181,370,0,0,0,0,0,0,0,0,0,0,0,0,0,1,0,0,0,0,3,86,42,10,43,1
169,170,172,259,130,183,259,0,0,0,0,0,0,0,0,0,0,0,0,0,1,0,0,0,0,3,86,42,10,43,1
218,184,204,244,143,181,463,0,0,0,0,0,0,0,0,0,0,0,0,0,1,0,0,0,0,3,86,42,10,43,1
199,170,167,226,142,162,537,0,0,0,0,0,0,0,0,0,0,0,0,0,1,0,0,0,0,3,86,42,10,43,1
178,180,152,193,140,170,522,0,0,0,0,0,0,0,0,0,0,0,0,0,1,0,0,0,0,3,86,42,10,43,1
182,190,159,220,126,180,753,0,0,0,0,0,0,0,0,0,0,0,0,0,1,0,0,0,0,3,86,42,10,43,1
112,145,239,193,103,72,128,56,56,88,80,128,0,0,0,0,0,0,0,0,1,0,0,0,0,2,87,42,10,43,3
143,128,240,192,88,96,136,72,72,88,88,192,0,0,0,0,0,0,0,0,1,0,0,0,0,2,87,42,10,43,3
120,152,240,176,112,64,145,71,97,143,120,112,0,0,0,0,0,0,0,0,1,0,0,0,0,2,87,42,10,43,3
192,136,264,200,104,80,152,64,80,112,64,296,0,0,0,0,0,0,0,0,1,0,0,0,0,2,87,42,10,43,3
216,56,303,225,128,72,152,64,80,112,72,223,0,0,0,0,0,0,0,0,1,0,0,0,0,2,87,42,10,43,3
105,136,320,159,185,1208,104,160,72,80,96,63,209,0,0,0,0,0,0,0,1,0,0,0,0,2,87,42,10,43,3
249,71,345,192,111,72,152,56,81,79,80,112,0,0,0,0,0,0,0,0,1,0,0,0,0,2,87,42,10,43,3
119,208,344,216,88,88,168,40,64,129,95,184,0,0,0,0,0,0,0,0,1,0,0,0,0,2,87,42,10,43,3
136,168,280,208,112,96,136,72,72,80,80,144,0,0,0,0,0,0,0,0,1,0,0,0,0,2,87,42,10,43,3
144,144,280,192,96,80,152,40,64,128,64,192,0,0,0,0,0,0,0,0,1,0,0,0,0,2,87,42,10,43,3
128,144,248,184,112,72,216,104,72,112,96,136,0,0,0,0,0,0,0,0,1,0,0,0,0,2,87,42,10,43,3
152,144,272,216,96,88,168,56,56,120,65,175,0,0,0,0,0,0,0,0,1,0,0,0,0,2,87,42,10,43,3
128,144,240,208,104,80,168,56,87,65,72,120,0,0,0,0,0,0,0,0,1,0,0,0,0,2,87,42,10,43,3
96,135,249,208,79,97,152,56,88,80,56,160,0,0,0,0,0,0,0,0,1,0,0,0,0,2,87,42,10,43,3
120,112,247,185,111,72,137,55,80,73,72,152,0,0,0,0,0,0,0,0,1,0,0,0,0,2,87,42,10,43,3
112,103,265,192,63,104,152,40,104,104,64,137,0,0,0,0,0,0,0,0,1,0,0,0,0,2,87,42,10,43,3
112,104,360,201,103,65,151,49,64,120,48,143,0,0,0,0,0,0,0,0,1,0,0,0,0,2,87,42,10,43,3
112,104,248,184,88,96,144,40,72,96,65,343,0,0,0,0,0,0,0,0,1,0,0,0,0,2,87,42,10,43,3
88,184,336,200,80,104,152,72,80,88,80,217,0,0,0,0,0,0,0,0,1,0,0,0,0,2,87,42,10,43,3
81,191,344,184,128,64,144,48,72,120,64,481,0,0,0,0,0,0,0,0,1,0,0,0,0,2,87,42,10,43,3
127,112,248,200,104,80,152,40,73,95,72,488,0,0,0,0,0,0,0,0,1,0,0,0,0,2,87,42,10,43,3
135,113,272,192,127,57,120,64,63,105,55,137,0,0,0,0,0,0,0,0,1,0,0,0,0,2,87,42,10,43,3
136,135,240,192,89,127,72,80,553,87,137,0,0,0,0,0,0,0,0,0,1,0,0,0,0,2,87,42,10,43,3
127,113,256,176,95,632,208,40,96,96,40,753,0,0,0,0,0,0,0,0,1,0,0,0,0,2,87,42,10,43,3
135,184,248,200,120,96,168,56,48,137,39,176,0,0,0,0,0,0,0,0,1,0,0,0,0,2,87,42,10,43,3
120,136,280,193,127,64,120,64,56,120,48,193,0,0,0,0,0,0,0,0,1,0,0,0,0,2,87,42,10,43,3
136,128,272,192,152,40,200,64,88,80,88,192,0,0,0,0,0,0,0,0,1,0,0,0,0,2,87,42,10,43,3
359,136,120,344,712,200,104,112,144,72,72,96,40,168,0,0,0,0,0,0,1,0,0,0,0,2,87,42,10,43,3
112,128,592,184,80,112,136,40,64,112,40,152,0,0,0,0,0,0,0,0,1,0,0,0,0,2,87,42,10,43,3
128,104,368,200,80,104,144,40,64,120,48,176,0,0,0,0,0,0,0,0,1,0,0,0,0,2,87,42,10,43,3
104,112,312,192,88,88,128,80,40,136,48,200,0,0,0,0,0,0,0,0,1,0,0,0,0,2,87,42,10,43,3
64,120,280,200,64,104,120,40,64,112,48,184,0,0,0,0,0,0,0,0,1,0,0,0,0,2,87,42,10,43,3
104,104,368,168,80,96,136,32,64,120,48,176,0,0,0,0,0,0,0,0,1,0,0,0,0,2,87,42,10,43,3
88,120,264,224,120,96,144,24,17,111,1216,16,784,152,56,224,0,0,0,0,1,0,0,0,0,2,87,42,10,43,3
120,136,560,200,112,72,160,32,72,112,56,184,0,0,0,0,0,0,0,0,1,0,0,0,0,2,87,42,10,43,3
112,64,255,169,112,64,136,24,72,160,80,184,0,0,0,0,0,0,0,0,1,0,0,0,0,2,87,42,10,43,3
103,57,239,168,72,112,129,24,72,104,48,152,0,0,0,0,0,0,0,0,1,0,0,0,0,2,87,42,10,43,3
103,120,336,233,112,80,120,55,73,128,79,537,0,0,0,0,0,0,0,0,1,0,0,0,0,2,87,42,10,43,3
103,80,256,169,103,64,128,49,55,129,82,174,0,0,0,0,0,0,0,0,1,0,0,0,0,2,87,42,10,43,3
88,80,247,160,120,57,120,56,87,89,47,177,0,0,0,0,0,0,0,0,1,0,0,0,0,2,87,42,10,43,3
104,64,272,160,128,48,136,32,56,136,48,168,0,0,0,0,0,0,0,0,1,0,0,0,0,2,87,42,10,43,3
72,104,264,176,112,64,160,80,72,144,544,184,0,0,0,0,0,0,0,0,1,0,0,0,0,2,87,42,10,43,3
88,104,232,152,96,80,96,48,64,112,56,160,0,0,0,0,0,0,0,0,1,0,0,0,0,2,87,42,10,43,3
64,104,232,168,88,88,120,40,55,121,40,192,0,0,0,0,0,0,0,0,1,0,0,0,0,2,87,42,10,43,3
96,120,209,183,104,56,144,48,112,184,344,320,0,0,0,0,0,0,0,0,1,0,0,0,0,2,87,42,10,43,3
96,64,320,192,103,65,128,56,64,111,48,185,0,0,0,0,0,0,0,0,1,0,0,0,0,2,87,42,10,43,3
104,47,296,201,64,96,144,56,72,128,56,200,0,0,0,0,0,0,0,0,1,0,0,0,0,2,87,42,10,43,3
80,95,241,200,87,89,143,65,72,143,40,177,0,0,0,0,0,0,0,0,1,0,0,0,0,2,87,42,10,43,3
112,63,328,216,73,88,152,15,64,128,48,257,0,0,0,0,0,0,0,0,1,0,0,0,0,2,87,42,10,43,3
112,56,249,175,96,80,96,81,79,80,56,161,0,0,0,0,0,0,0,0,1,0,0,0,0,2,87,42,10,43,3
104,48,264,184,113,63,128,40,56,144,56,280,0,0,0,0,0,0,0,0,1,0,0,0,0,2,87,42,10,43,3
105,87,240,201,87,72,152,40,64,120,49,168,0,0,0,0,0,0,0,0,1,0,0,0,0,2,87,42,10,43,3
87,64,273,167,224,104,153,39,48,137,31,168,0,0,0,0,0,0,0,0,1,0,0,0,0,2,87,42,10,43,3
136,88,264,160,136,56,144,32,72,120,40,168,0,0,0,0,0,0,0,0,1,0,0,0,0,2,87,42,10,43,3
128,64,304,192,152,144,224,64,64,120,56,208,0,0,0,0,0,0,0,0,1,0,0,0,0,2,87,42,10,43,3
112,144,296,200,120,72,120,48,64,104,48,224,0,0,0,0,0,0,0,0,1,0,0,0,0,2,87,42,10,43,3
96,80,296,168,120,72,120,56,64,112,48,192,0,0,0,0,0,0,0,0,1,0,0,0,0,2,87,42,10,43,3
112,80,296,152,112,64,136,40,48,128,48,192,0,0,0,0,0,0,0,0,1,0,0,0,0,2,87,42,10,43,3
120,120,456,192,128,96,144,48,72,160,80,184,0,0,0,0,0,0,0,0,1,0,0,0,0,2,87,42,10,43,3
112,104,256,168,104,64,144,48,88,96,72,200,0,0,0,0,0,0,0,0,1,0,0,0,0,2,87,42,10,43,3
120,96,216,200,136,80,184,104,88,192,80,320,0,0,0,0,0,0,0,0,1,0,0,0,0,2,87,42,10,43,3
96,104,360,168,136,72,176,64,48,144,56,176,0,0,0,0,0,0,0,0,1,0,0,0,0,2,87,42,10,43,3
104,72,264,176,136,88,136,40,72,120,56,176,0,0,0,0,0,0,0,0,1,0,0,0,0,2,87,42,10,43,3
96,88,232,160,128,64,136,48,56,128,32,168,0,0,0,0,0,0,0,0,1,0,0,0,0,2,87,42,10,43,3
88,95,264,176,120,56,144,48,56,120,48,176,0,0,0,0,0,0,0,0,1,0,0,0,0,2,87,42,10,43,3
96,64,232,176,120,40,128,48,48,128,48,168,0,0,0,0,0,0,0,0,1,0,0,0,0,2,87,42,10,43,3
56,80,256,184,112,48,136,48,72,128,48,184,0,0,0,0,0,0,0,0,1,0,0,0,0,2,87,42,10,43,3
64,112,240,168,112,48,144,64,64,104,64,192,0,0,0,0,0,0,0,0,1,0,0,0,0,2,87,42,10,43,3
56,72,240,176,120,80,120,56,48,120,56,184,0,0,0,0,0,0,0,0,1,0,0,0,0,2,87,42,10,43,3
80,88,264,176,136,96,1560,144,136,40,360,72,144,0,0,0,0,0,0,0,1,0,0,0,0,2,87,42,10,43,3
72,64,272,216,120,56,128,56,64,112,48,184,0,0,0,0,0,0,0,0,1,0,0,0,0,2,87,42,10,43,3
112,72,256,168,136,160,144,56,64,312,88,696,0,0,0,0,0,0,0,0,1,0,0,0,0,2,87,42,10,43,3
88,64,256,176,104,72,136,80,72,88,72,200,0,0,0,0,0,0,0,0,1,0,0,0,0,2,87,42,10,43,3
88,88,248,176,120,56,120,64,71,105,40,168,0,0,0,0,0,0,0,0,1,0,0,0,0,2,87,42,10,43,3
80,72,240,176,112,64,136,32,72,112,57,1295,0,0,0,0,0,0,0,0,1,0,0,0,0,2,87,42,10,43,3
96,64,248,184,112,64,128,32,72,113,31,192,0,0,0,0,0,0,0,0,1,0,0,0,0,2,87,42,10,43,3
56,96,208,192,120,56,136,40,88,120,40,192,0,0,0,0,0,0,0,0,1,0,0,0,0,2,87,42,10,43,3
80,72,224,176,96,72,88,64,48,120,40,168,0,0,0,0,0,0,0,0,1,0,0,0,0,2,87,42,10,43,3
72,64,232,176,88,88,80,64,56,120,48,208,0,0,0,0,0,0,0,0,1,0,0,0,0,2,87,42,10,43,3
88,48,232,192,96,64,120,40,80,104,40,176,0,0,0,0,0,0,0,0,1,0,0,0,0,2,87,42,10,43,3
72,40,304,184,104,64,104,64,64,112,992,160,0,0,0,0,0,0,0,0,1,0,0,0,0,2,87,42,10,43,3
80,64,248,192,96,72,120,48,32,144,40,184,0,0,0,0,0,0,0,0,1,0,0,0,0,2,87,42,10,43,3
96,80,200,200,88,102,105,121,576,48,200,88,160,0,0,0,0,0,0,0,1,0,0,0,0,2,87,42,10,43,3
104,63,585,192,88,88,103,57,56,120,72,168,0,0,0,0,0,0,0,0,1,0,0,0,0,2,87,42,10,43,3
88,56,272,217,79,137,72,112,63,105,104,192,0,0,0,0,0,0,0,0,1,0,0,0,0,2,87,42,10,43,3
88,56,232,184,103,57,104,63,64,120,65,176,0,0,0,0,0,0,0,0,1,0,0,0,0,2,87,42,10,43,3
81,71,216,200,72,112,104,48,72,120,72,192,0,0,0,0,0,0,0,0,1,0,0,0,0,2,87,42,10,43,3
56,64,232,176,64,120,112,40,56,144,56,392,0,0,0,0,0,0,0,0,1,0,0,0,0,2,87,42,10,43,3
88,64,256,264,119,57,128,56,64,136,57,183,0,0,0,0,0,0,0,0,1,0,0,0,0,2,87,42,10,43,3
96,112,280,184,72,96,128,48,64,136,47,233,0,0,0,0,0,0,0,0,1,0,0,0,0,2,87,42,10,43,3
64,104,200,184,80,103,89,88,71,105,88,208,0,0,0,0,0,0,0,0,1,0,0,0,0,2,87,42,10,43,3
96,96,224,192,80,88,96,64,80,104,55,185,0,0,0,0,0,0,0,0,1,0,0,0,0,2,87,42,10,43,3
79,56,264,177,104,72,135,48,64,137,72,392,0,0,0,0,0,0,0,0,1,0,0,0,0,2,87,42,10,43,3
95,57,399,185,88,79,104,81,55,128,57,199,0,0,0,0,0,0,0,0,1,0,0,0,0,2,87,42,10,43,3
95,56,248,200,120,72,129,88,32,119,57,176,0,0,0,0,0,0,0,0,1,0,0,0,0,2,87,42,10,43,3
79,96,216,184,96,72,112,56,64,112,64,160,0,0,0,0,0,0,0,0,1,0,0,0,0,2,87,42,10,43,3
95,64,272,184,120,48,112,64,72,120,64,184,0,0,0,0,0,0,0,0,1,0,0,0,0,2,87,42,10,43,3
80,73,360,184,80,120,64,48,56,112,72,160,0,0,0,0,0,0,0,0,1,0,0,0,0,2,87,42,10,43,3
95,81,992,232,56,112,112,40,56,120,72,184,0,0,0,0,0,0,0,0,1,0,0,0,0,2,87,42,10,43,3
55,97,224,176,72,96,96,64,48,120,56,200,0,0,0,0,0,0,0,0,1,0,0,0,0,2,87,42,10,43,3
23,88,241,160,104,80,104,80,56,111,65,183,0,0,0,0,0,0,0,0,1,0,0,0,0,2,87,42,10,43,3
104,64,272,184,88,72,112,56,48,104,56,184,0,0,0,0,0,0,0,0,1,0,0,0,0,2,87,42,10,43,3
120,40,232,176,104,72,120,88,64,112,80,152,0,0,0,0,0,0,0,0,1,0,0,0,0,2,87,42,10,43,3
72,40,272,176,80,80,128,24,80,120,32,168,0,0,0,0,0,0,0,0,1,0,0,0,0,2,87,42,10,43,3
104,72,224,160,80,72,88,80,40,88,64,176,0,0,0,0,0,0,0,0,1,0,0,0,0,2,87,42,10,43,3
88,48,256,176,112,56,96,104,64,88,48,176,0,0,0,0,0,0,0,0,1,0,0,0,0,2,87,42,10,43,3
88,40,248,160,112,56,128,32,56,128,40,160,0,0,0,0,0,0,0,0,1,0,0,0,0,2,87,42,10,43,3
72,56,248,168,104,152,176,48,1576,400,72,72,128,80,160,0,0,0,0,0,1,0,0,0,0,2,87,42,10,43,3
80,64,304,168,112,56,128,88,64,80,128,784,0,0,0,0,0,0,0,0,1,0,0,0,0,2,87,42,10,43,3
96,24,232,184,96,112,128,48,32,376,96,720,0,0,0,0,0,0,0,0,1,0,0,0,0,2,87,42,10,43,3
104,56,256,200,208,280,208,48,64,120,40,176,0,0,0,0,0,0,0,0,1,0,0,0,0,2,87,42,10,43,3
80,56,232,160,120,39,137,80,64,80,104,160,0,0,0,0,0,0,0,0,1,0,0,0,0,2,87,42,10,43,3
72,56,248,168,128,40,136,80,72,64,64,200,0,0,0,0,0,0,0,0,1,0,0,0,0,2,87,42,10,43,3
80,64,216,176,144,48,160,48,104,104,56,192,0,0,0,0,0,0,0,0,1,0,0,0,0,2,87,42,10,43,3
80,72,728,200,152,2264,232,176,64,88,144,40,64,112,40,184,0,0,0,0,1,0,0,0,0,2,87,42,10,43,3
72,80,224,176,120,56,144,64,88,80,56,176,0,0,0,0,0,0,0,0,1,0,0,0,0,2,87,42,10,43,3
56,56,224,168,128,48,144,72,80,88,56,168,0,0,0,0,0,0,0,0,1,0,0,0,0,2,87,42,10,43,3
64,72,216,168,104,64,152,120,40,88,56,176,0,0,0,0,0,0,0,0,1,0,0,0,0,2,87,42,10,43,3
88,40,224,160,120,40,152,64,88,88,48,176,0,0,0,0,0,0,0,0,1,0,0,0,0,2,87,42,10,43,3
80,64,231,184,113,64,152,55,89,111,81,200,0,0,0,0,0,0,0,0,1,0,0,0,0,2,87,42,10,43,3
104,56,248,232,112,48,168,72,88,72,64,153,0,0,0,0,0,0,0,0,1,0,0,0,0,2,87,42,10,43,3
72,88,352,208,120,48,184,80,56,129,64,152,0,0,0,0,0,0,0,0,1,0,0,0,0,2,87,42,10,43,3
96,47,225,184,111,65,120,56,72,111,73,144,0,0,0,0,0,0,0,0,1,0,0,0,0,2,87,42,10,43,3
88,47,225,168,111,57,128,56,63,129,47,153,0,0,0,0,0,0,0,0,1,0,0,0,0,2,87,42,10,43,3
65,95,193,183,105,56,143,80,73,87,72,161,0,0,0,0,0,0,0,0,1,0,0,0,0,2,87,42,10,43,3
72,72,191,177,96,55,128,64,88,64,65,160,0,0,0,0,0,0,0,0,1,0,0,0,0,2,87,42,10,43,3
80,39,224,184,97,55,128,49,63,120,40,161,0,0,0,0,0,0,0,0,1,0,0,0,0,2,87,42,10,43,3
80,64,248,184,96,64,145,39,72,96,64,176,0,0,0,0,0,0,0,0,1,0,0,0,0,2,87,42,10,43,3
79,48,216,177,104,63,112,56,72,80,88,161,0,0,0,0,0,0,0,0,1,0,0,0,0,2,87,42,10,43,3
63,40,224,176,96,56,137,39,64,120,48,136,0,0,0,0,0,0,0,0,1,0,0,0,0,2,87,42,10,43,3
72,88,200,184,113,47,136,88,88,72,80,176,0,0,0,0,0,0,0,0,1,0,0,0,0,2,87,42,10,43,3
48,80,224,176,112,56,136,48,80,104,88,184,0,0,0,0,0,0,0,0,1,0,0,0,0,2,87,42,10,43,3
72,40,248,232,112,56,144,72,88,80,64,384,0,0,0,0,0,0,0,0,1,0,0,0,0,2,87,42,10,43,3
40,88,224,184,104,40,144,48,80,120,40,160,0,0,0,0,0,0,0,0,1,0,0,0,0,2,87,42,10,43,3
16,112,328,200,120,48,128,56,72,120,56,280,0,0,0,0,0,0,0,0,1,0,0,0,0,2,87,42,10,43,3
511,72,72,504,224,80,80,160,64,88,96,72,440,0,0,0,0,0,0,0,1,0,0,0,0,2,87,42,10,43,3
72,72,328,184,120,64,120,56,72,96,88,200,0,0,0,0,0,0,0,0,1,0,0,0,0,2,87,42,10,43,3
64,64,256,184,112,56,104,64,88,64,80,192,0,0,0,0,0,0,0,0,1,0,0,0,0,2,87,42,10,43,3
80,56,224,200,112,56,112,96,64,80,72,160,0,0,0,0,0,0,0,0,1,0,0,0,0,2,87,42,10,43,3
72,80,304,208,72,88,128,24,80,80,64,168,0,0,0,0,0,0,0,0,1,0,0,0,0,2,87,42,10,43,3
72,40,240,176,136,40,160,96,56,88,72,168,0,0,0,0,0,0,0,0,1,0,0,0,0,2,87,42,10,43,3
72,72,480,344,128,88,136,56,72,120,64,224,0,0,0,0,0,0,0,0,1,0,0,0,0,2,87,42,10,43,3
88,32,264,184,104,80,95,49,96,88,40,168,0,0,0,0,0,0,0,0,1,0,0,0,0,2,87,42,10,43,3
32,80,231,177,96,55,145,47,57,120,48,168,0,0,0,0,0,0,0,0,1,0,0,0,0,2,87,42,10,43,3
15,113,256,184,63,112,57,64,55,121,48,152,0,0,0,0,0,0,0,0,1,0,0,0,0,2,87,42,10,43,3
64,58,222,168,88,88,136,40,64,152,88,248,0,0,0,0,0,0,0,0,1,0,0,0,0,2,87,42,10,43,3
96,88,280,312,648,376,184,72,160,104,56,128,160,24,152,0,0,0,0,0,1,0,0,0,0,2,87,42,10,43,3
104,48,296,168,96,136,72,72,80,88,184,0,0,0,0,0,0,0,0,0,1,0,0,0,0,2,87,42,10,43,3
56,112,192,192,88,72,96,64,96,64,80,240,0,0,0,0,0,0,0,0,1,0,0,0,0,2,87,42,10,43,3
96,48,224,176,80,88,119,57,56,80,80,176,0,0,0,0,0,0,0,0,1,0,0,0,0,2,87,42,10,43,3
104,40,232,160,80,79,137,40,88,88,55,225,0,0,0,0,0,0,0,0,1,0,0,0,0,2,87,42,10,43,3
87,64,232,193,71,89,103,48,73,79,105,112,0,0,0,0,0,0,0,0,1,0,0,0,0,2,87,42,10,43,3
88,56,224,200,72,96,64,104,80,56,449,160,0,0,0,0,0,0,0,0,1,0,0,0,0,2,87,42,10,43,3
776,1960,472,144,112,1032,184,103,65,136,88,48,96,72,184,0,0,0,0,0,1,0,0,0,0,2,87,42,10,43,3
80,64,256,312,256,200,232,72,56,191,97,304,0,0,0,0,0,0,0,0,1,0,0,0,0,2,87,42,10,43,3
128,87,200,184,88,64,97,63,57,87,73,183,0,0,0,0,0,0,0,0,1,0,0,0,0,2,87,42,10,43,3
103,56,248,185,95,56,112,80,72,41,111,161,0,0,0,0,0,0,0,0,1,0,0,0,0,2,87,42,10,43,3
95,41,232,167,104,48,136,32,96,64,72,169,0,0,0,0,0,0,0,0,1,0,0,0,0,2,87,42,10,43,3
56,72,320,176,104,56,112,56,64,88,72,737,23,185,0,0,0,0,0,0,1,0,0,0,0,2,87,42,10,43,3
64,56,224,184,104,56,120,48,80,136,48,168,0,0,0,0,0,0,0,0,1,0,0,0,0,2,87,42,10,43,3
64,80,232,168,72,80,104,56,88,64,72,152,0,0,0,0,0,0,0,0,1,0,0,0,0,2,87,42,10,43,3
64,56,392,192,96,64,72,56,56,120,48,168,0,0,0,0,0,0,0,0,1,0,0,0,0,2,87,42,10,43,3
72,104,280,168,104,112,160,88,944,768,32,56,96,56,1040,0,0,0,0,0,1,0,0,0,0,2,87,42,10,43,3
88,64,224,184,72,88,104,64,56,96,72,160,0,0,0,0,0,0,0,0,1,0,0,0,0,2,87,42,10,43,3
104,40,256,192,104,56,96,64,80,103,209,1352,0,0,0,0,0,0,0,0,1,0,0,0,0,2,87,42,10,43,3
88,40,232,192,112,47,81,72,64,96,95,201,0,0,0,0,0,0,0,0,1,0,0,0,0,2,87,42,10,43,3
72,15,273,192,103,40,104,73,79,177,103,177,0,0,0,0,0,0,0,0,1,0,0,0,0,2,87,42,10,43,3
40,73,471,192,72,121,88,47,104,73,87,153,0,0,0,0,0,0,0,0,1,0,0,0,0,2,87,42,10,43,3
56,55,240,168,120,57,111,64,64,113,64,168,0,0,0,0,0,0,0,0,1,0,0,0,0,2,87,42,10,43,3
63,104,216,192,89,144,135,88,105,151,785,167,152,192,264,528,144,1057,1519,777,1,0,0,0,0,2,87,42,10,43,3
64,72,272,216,104,64,104,64,72,232,72,240,0,0,0,0,0,0,0,0,1,0,0,0,0,2,87,42,10,43,3
112,48,224,200,88,112,88,80,56,96,80,1008,0,0,0,0,0,0,0,0,1,0,0,0,0,2,87,42,10,43,3
112,48,224,184,112,48,104,64,40,96,72,184,0,0,0,0,0,0,0,0,1,0,0,0,0,2,87,42,10,43,3
64,80,224,176,136,48,96,56,80,96,48,184,0,0,0,0,0,0,0,0,1,0,0,0,0,2,87,42,10,43,3
72,80,200,176,80,88,104,56,40,128,49,175,0,0,0,0,0,0,0,0,1,0,0,0,0,2,87,42,10,43,3
88,64,248,184,72,80,88,56,64,120,56,144,0,0,0,0,0,0,0,0,1,0,0,0,0,2,87,42,10,43,3
72,64,224,168,104,64,96,48,48,104,72,168,0,0,0,0,0,0,0,0,1,0,0,0,0,2,87,42,10,43,3
56,80,936,232,72,96,104,48,56,120,56,192,0,0,0,0,0,0,0,0,1,0,0,0,0,2,87,42,10,43,3
72,56,224,192,112,48,104,56,48,128,56,192,0,0,0,0,0,0,0,0,1,0,0,0,0,2,87,42,10,43,3
72,80,200,224,112,64,120,64,80,88,64,176,0,0,0,0,0,0,0,0,1,0,0,0,0,2,87,42,10,43,3
104,56,280,176,120,48,80,72,96,56,64,168,0,0,0,0,0,0,0,0,1,0,0,0,0,2,87,42,10,43,3
72,56,216,168,88,80,104,32,88,96,56,168,0,0,0,0,0,0,0,0,1,0,0,0,0,2,87,42,10,43,3
72,64,233,167,64,104,104,48,64,120,56,168,0,0,0,0,0,0,0,0,1,0,0,0,0,2,87,42,10,43,3
384,112,48,392,344,232,688,88,168,56,72,120,120,800,0,0,0,0,0,0,1,0,0,0,0,2,87,42,10,43,3
48,64,224,176,112,64,96,32,63,105,80,184,0,0,0,0,0,0,0,0,1,0,0,0,0,2,87,42,10,43,3
56,32,304,200,104,56,72,72,80,56,96,192,0,0,0,0,0,0,0,0,1,0,0,0,0,2,87,42,10,43,3
16,848,464,224,56,80,136,72,56,104,64,384,0,0,0,0,0,0,0,0,1,0,0,0,0,2,87,42,10,43,3
88,65,223,208,120,40,112,72,72,88,80,152,0,0,0,0,0,0,0,0,1,0,0,0,0,2,87,42,10,43,3
40,80,224,176,112,56,96,56,64,104,80,168,0,0,0,0,0,0,0,0,1,0,0,0,0,2,87,42,10,43,3
64,64,216,168,112,56,96,48,72,472,56,160,0,0,0,0,0,0,0,0,1,0,0,0,0,2,87,42,10,43,3
56,64,216,160,80,80,88,56,96,80,72,184,0,0,0,0,0,0,0,0,1,0,0,0,0,2,87,42,10,43,3
32,80,232,160,80,128,16,64,56,200,120,448,0,0,0,0,0,0,0,0,1,0,0,0,0,2,87,42,10,43,3
96,32,216,168,72,120,32,72,72,104,64,160,0,0,0,0,0,0,0,0,1,0,0,0,0,2,87,42,10,43,3
96,48,232,168,96,80,48,72,88,56,96,160,0,0,0,0,0,0,0,0,1,0,0,0,0,2,87,42,10,43,3
64,80,232,616,160,56,160,40,64,112,56,168,0,0,0,0,0,0,0,0,1,0,0,0,0,2,87,42,10,43,3
96,24,256,176,72,136,72,120,192,104,688,192,168,160,376,152,328,0,0,0,1,0,0,0,0,2,87,42,10,43,3
40,88,240,184,88,88,72,80,56,88,72,376,0,0,0,0,0,0,0,0,1,0,0,0,0,2,87,42,10,43,3
56,40,240,192,112,56,88,72,63,105,64,320,0,0,0,0,0,0,0,0,1,0,0,0,0,2,87,42,10,43,3
87,40,209,167,73,87,48,80,48,97,63,153,0,0,0,0,0,0,0,0,1,0,0,0,0,2,87,42,10,43,3
88,72,287,216,65,95,89,64,80,95,81,184,0,0,0,0,0,0,0,0,1,0,0,0,0,2,87,42,10,43,3
95,57,240,175,73,119,40,72,40,104,73,240,0,0,0,0,0,0,0,0,1,0,0,0,0,2,87,42,10,43,3
72,88,288,184,160,472,128,144,32,56,128,40,176,0,0,0,0,0,0,0,1,0,0,0,0,2,87,42,10,43,3
40,96,256,152,96,64,96,72,56,128,64,160,0,0,0,0,0,0,0,0,1,0,0,0,0,2,87,42,10,43,3
72,96,280,199,57,104,152,80,48,120,56,224,0,0,0,0,0,0,0,0,1,0,0,0,0,2,87,42,10,43,3
120,24,256,176,104,64,112,56,40,136,56,168,0,0,0,0,0,0,0,0,1,0,0,0,0,2,87,42,10,43,3
64,112,192,168,184,23,65,40,96,80,56,184,0,0,0,0,0,0,0,0,1,0,0,0,0,2,87,42,10,43,3
64,79,249,199,97,64,104,64,56,80,88,192,0,0,0,0,0,0,0,0,1,0,0,0,0,2,87,42,10,43,3
88,31,217,176,72,88,95,49,64,96,56,184,0,0,0,0,0,0,0,0,1,0,0,0,0,2,87,42,10,43,3
55,137,239,233,95,81,120,104,79,161,112,200,0,0,0,0,0,0,0,0,1,0,0,0,0,2,87,42,10,43,3
80,127,256,184,96,48,136,32,56,128,41,183,0,0,0,0,0,0,0,0,1,0,0,0,0,2,87,42,10,43,3
120,23,224,168,104,48,80,64,48,112,40,160,0,0,0,0,0,0,0,0,1,0,0,0,0,2,87,42,10,43,3
64,48,225,167,97,49,143,47,65,87,64,144,0,0,0,0,0,0,0,0,1,0,0,0,0,2,87,42,10,43,3
96,24,216,177,103,56,65,63,56,88,64,177,0,0,0,0,0,0,0,0,1,0,0,0,0,2,87,42,10,43,3
56,64,224,176,96,56,136,72,88,56,88,176,0,0,0,0,0,0,0,0,1,0,0,0,0,2,87,42,10,43,3
64,64,208,176,96,48,120,40,56,96,48,160,0,0,0,0,0,0,0,0,1,0,0,0,0,2,87,42,10,43,3
56,96,208,176,96,63,97,64,48,88,72,144,0,0,0,0,0,0,0,0,1,0,0,0,0,2,87,42,10,43,3
87,49,280,264,520,424,256,47,88,97,335,193,0,0,0,0,0,0,0,0,1,0,0,0,0,2,87,42,10,43,3
487,129,39,569,239,177,47,160,72,48,104,64,177,0,0,0,0,0,0,0,1,0,0,0,0,2,87,42,10,43,3
144,72,287,176,104,48,96,56,56,128,49,168,0,0,0,0,0,0,0,0,1,0,0,0,0,2,87,42,10,43,3
79,72,264,192,112,152,96,72,80,80,152,0,0,0,0,0,0,0,0,0,1,0,0,0,0,2,87,42,10,43,3
136,152,864,184,104,64,120,48,56,104,80,184,0,0,0,0,0,0,0,0,1,0,0,0,0,2,87,42,10,43,3
368,160,457,223,97,39,136,48,64,80,81,504,0,0,0,0,0,0,0,0,1,0,0,0,0,2,87,42,10,43,3
71,88,209,191,88,64,104,56,72,72,96,184,0,0,0,0,0,0,0,0,1,0,0,0,0,2,87,42,10,43,3
96,64,256,176,88,64,88,56,64,88,64,160,0,0,0,0,0,0,0,0,1,0,0,0,0,2,87,42,10,43,3
80,55,232,176,80,64,104,64,96,72,72,152,0,0,0,0,0,0,0,0,1,0,0,0,0,2,87,42,10,43,3
64,96,248,184,104,64,104,96,32,88,80,161,0,0,0,0,0,0,0,0,1,0,0,0,0,2,87,42,10,43,3
64,96,216,160,96,64,96,56,56,80,80,136,0,0,0,0,0,0,0,0,1,0,0,0,0,2,87,42,10,43,3
40,112,208,176,64,80,88,56,48,88,72,152,0,0,0,0,0,0,0,0,1,0,0,0,0,2,87,42,10,43,3
56,88,184,160,96,56,80,56,48,80,56,160,0,0,0,0,0,0,0,0,1,0,0,0,0,2,87,42,10,43,3
88,104,544,208,176,24,120,664,64,216,64,184,0,0,0,0,0,0,0,0,1,0,0,0,0,2,87,42,10,43,3
48,128,200,176,104,56,112,64,48,104,56,1224,0,0,0,0,0,0,0,0,1,0,0,0,0,2,87,42,10,43,3
96,56,224,176,112,56,88,56,88,64,80,160,0,0,0,0,0,0,0,0,1,0,0,0,0,2,87,42,10,43,3
72,72,216,160,104,56,96,80,80,64,80,176,0,0,0,0,0,0,0,0,1,0,0,0,0,2,87,42,10,43,3
64,56,232,192,112,64,72,104,72,104,96,168,0,0,0,0,0,0,0,0,1,0,0,0,0,2,87,42,10,43,3
79,73,240,176,120,40,104,112,87,25,136,496,16,0,0,0,0,0,0,0,1,0,0,0,0,2,87,42,10,43,3
400,80,72,208,176,95,57,88,80,72,64,128,728,0,0,0,0,0,0,0,1,0,0,0,0,2,87,42,10,43,3
72,111,208,168,128,40,121,79,80,72,88,185,0,0,0,0,0,0,0,0,1,0,0,0,0,2,87,42,10,43,3
73,103,257,24,936,183,81,127,64,64,128,48,161,0,0,0,0,0,0,0,1,0,0,0,0,2,87,42,10,43,3
96,119,544,152,96,88,120,48,73,87,89,192,0,0,0,0,0,0,0,0,1,0,0,0,0,2,87,42,10,43,3
65,95,240,176,104,64,112,56,96,72,88,184,0,0,0,0,0,0,0,0,1,0,0,0,0,2,87,42,10,43,3
71,64,224,184,80,80,97,79,80,64,80,176,0,0,0,0,0,0,0,0,1,0,0,0,0,2,87,42,10,43,3
80,80,232,160,80,88,88,56,64,96,64,176,0,0,0,0,0,0,0,0,1,0,0,0,0,2,87,42,10,43,3
87,104,200,1248,224,104,80,96,64,64,120,48,160,0,0,0,0,0,0,0,1,0,0,0,0,2,87,42,10,43,3
104,120,273,231,104,64,104,48,72,112,32,176,0,0,0,0,0,0,0,0,1,0,0,0,0,2,87,42,10,43,3
56,88,224,184,88,64,104,48,48,80,80,168,0,0,0,0,0,0,0,0,1,0,0,0,0,2,87,42,10,43,3
72,56,208,185,119,48,104,48,96,48,72,168,0,0,0,0,0,0,0,0,1,0,0,0,0,2,87,42,10,43,3
56,96,264,192,120,48,96,72,72,120,72,176,0,0,0,0,0,0,0,0,1,0,0,0,0,2,87,42,10,43,3
80,72,224,200,80,88,80,64,56,88,72,160,0,0,0,0,0,0,0,0,1,0,0,0,0,2,87,42,10,43,3
56,64,208,176,104,72,72,72,72,64,80,160,0,0,0,0,0,0,0,0,1,0,0,0,0,2,87,42,10,43,3
64,56,208,168,104,96,96,168,80,120,136,760,192,0,0,0,0,0,0,0,1,0,0,0,0,2,87,42,10,43,3
80,56,224,176,72,96,56,80,64,72,112,920,0,0,0,0,0,0,0,0,1,0,0,0,0,2,87,42,10,43,3
72,56,224,176,88,80,72,72,64,80,80,192,0,0,0,0,0,0,0,0,1,0,0,0,0,2,87,42,10,43,3
72,48,216,168,64,127,25,120,104,96,143,377,0,0,0,0,0,0,0,0,1,0,0,0,0,2,87,42,10,43,3
184,80,296,176,120,80,136,87,113,80,192,0,0,0,0,0,0,0,0,0,1,0,0,0,0,2,87,42,10,43,3
41,88,216,176,104,56,96,88,72,79,97,232,0,0,0,0,0,0,0,0,1,0,0,0,0,2,87,42,10,43,3
79,41,216,160,88,136,120,128,1000,72,143,0,0,0,0,0,0,0,0,0,1,0,0,0,0,2,87,42,10,43,3
720,367,105,48,231,160,129,95,121,79,57,112,176,0,0,0,0,0,0,0,1,0,0,0,0,2,87,42,10,43,3
80,64,248,184,104,64,136,48,56,96,80,160,0,0,0,0,0,0,0,0,1,0,0,0,0,2,87,42,10,43,3
80,72,240,200,120,56,104,88,48,112,72,208,0,0,0,0,0,0,0,0,1,0,0,0,0,2,87,42,10,43,3
64,80,272,168,128,72,128,128,72,128,88,176,0,0,0,0,0,0,0,0,1,0,0,0,0,2,87,42,10,43,3
72,87,209,176,104,280,200,80,56,128,64,184,0,0,0,0,0,0,0,0,1,0,0,0,0,2,87,42,10,43,3
80,48,224,152,112,48,152,72,56,111,48,185,0,0,0,0,0,0,0,0,1,0,0,0,0,2,87,42,10,43,3
120,16,336,896,232,104,64,104,56,48,128,40,184,0,0,0,0,0,0,0,1,0,0,0,0,2,87,42,10,43,3
64,88,248,176,96,55,144,41,72,96,72,168,0,0,0,0,0,0,0,0,1,0,0,0,0,2,87,42,10,43,3
63,89,231,176,96,57,103,57,56,96,72,168,0,0,0,0,0,0,0,0,1,0,0,0,0,2,87,42,10,43,3
63,64,264,177,95,57,87,56,49,111,56,161,0,0,0,0,0,0,0,0,1,0,0,0,0,2,87,42,10,43,3
55,64,217,183,72,88,120,40,32,136,65,175,0,0,0,0,0,0,0,0,1,0,0,0,0,2,87,42,10,43,3
48,104,224,200,112,32,120,72,64,88,96,193,0,0,0,0,0,0,0,0,1,0,0,0,0,2,87,42,10,43,3
64,64,680,144,56,112,120,80,72,88,176,112,1408,48,369,0,0,0,0,0,1,0,0,0,0,2,87,42,10,43,3
103,32,232,177,96,39,96,64,80,64,72,248,0,0,0,0,0,0,0,0,1,0,0,0,0,2,87,42,10,43,3
48,88,216,168,88,64,96,80,48,96,80,152,0,0,0,0,0,0,0,0,1,0,0,0,0,2,87,42,10,43,3
56,72,272,672,225,63,88,80,64,40,112,56,168,0,0,0,0,0,0,0,1,0,0,0,0,2,87,42,10,43,3
80,80,224,176,104,48,144,40,56,104,56,176,0,0,0,0,0,0,0,0,1,0,0,0,0,2,87,42,10,43,3
88,104,192,184,88,72,120,56,56,96,80,168,0,0,0,0,0,0,0,0,1,0,0,0,0,2,87,42,10,43,3
40,104,232,160,112,40,96,80,48,160,104,160,0,0,0,0,0,0,0,0,1,0,0,0,0,2,87,42,10,43,3
80,40,240,160,96,56,88,64,56,104,56,152,0,0,0,0,0,0,0,0,1,0,0,0,0,2,87,42,10,43,3
56,64,208,176,104,56,88,64,56,120,56,176,0,0,0,0,0,0,0,0,1,0,0,0,0,2,87,42,10,43,3
56,64,192,168,72,80,104,40,40,136,56,176,0,0,0,0,0,0,0,0,1,0,0,0,0,2,87,42,10,43,3
32,80,200,160,72,80,96,56,56,120,56,160,0,0,0,0,0,0,0,0,1,0,0,0,0,2,87,42,10,43,3
48,48,200,160,104,48,88,64,88,144,136,136,0,0,0,0,0,0,0,0,1,0,0,0,0,2,87,42,10,43,3
48,48,200,160,104,48,88,64,88,144,136,136,288,3040,0,0,0,0,0,0,1,0,0,0,0,2,87,42,10,43,3
64,72,216,184,112,48,80,56,56,95,73,376,0,0,0,0,0,0,0,0,1,0,0,0,0,2,87,42,10,43,3
16,96,232,192,112,64,96,88,72,176,88,184,0,0,0,0,0,0,0,0,1,0,0,0,0,2,87,42,10,43,3
80,64,200,184,96,64,112,40,88,72,64,168,0,0,0,0,0,0,0,0,1,0,0,0,0,2,87,42,10,43,3
64,56,191,185,88,80,56,96,72,63,89,167,0,0,0,0,0,0,0,0,1,0,0,0,0,2,87,42,10,43,3
64,55,209,168,56,96,80,71,80,65,88,176,0,0,0,0,0,0,0,0,1,0,0,0,0,2,87,42,10,43,3
80,47,209,176,136,32,88,87,80,96,72,169,0,0,0,0,0,0,0,0,1,0,0,0,0,2,87,42,10,43,3
79,56,209,167,104,57,88,72,79,56,73,168,0,0,0,0,0,0,0,0,1,0,0,0,0,2,87,42,10,43,3
40,72,183,176,72,73,87,48,49,104,47,153,0,0,0,0,0,0,0,0,1,0,0,0,0,2,87,42,10,43,3
63,65,239,209,152,87,128,48,64,120,73,176,0,0,0,0,0,0,0,0,1,0,0,0,0,2,87,42,10,43,3
47,601,375,216,104,57,120,39,40,121,63,161,0,0,0,0,0,0,0,0,1,0,0,0,0,2,87,42,10,43,3
48,72,208,160,64,120,64,120,40,64,136,160,0,0,0,0,0,0,0,0,1,0,0,0,0,2,87,42,10,43,3
64,72,208,152,104,72,72,80,72,80,80,160,0,0,0,0,0,0,0,0,1,0,0,0,0,2,87,42,10,43,3
56,56,200,176,71,89,71,73,55,105,47,169,0,0,0,0,0,0,0,0,1,0,0,0,0,2,87,42,10,43,3
47,104,160,169,103,64,89,71,48,97,71,161,0,0,0,0,0,0,0,0,1,0,0,0,0,2,87,42,10,43,3
57,80,199,168,72,88,96,56,64,112,64,161,0,0,0,0,0,0,0,0,1,0,0,0,0,2,87,42,10,43,3
95,25,200,184,88,63,89,63,64,89,71,152,0,0,0,0,0,0,0,0,1,0,0,0,0,2,87,42,10,43,3
55,80,184,168,104,56,112,64,80,104,56,177,0,0,0,0,0,0,0,0,1,0,0,0,0,2,87,42,10,43,3
95,88,192,176,72,88,64,64,48,96,80,176,0,0,0,0,0,0,0,0,1,0,0,0,0,2,87,42,10,43,3
24,104,216,184,96,48,96,64,48,88,72,176,0,0,0,0,0,0,0,0,1,0,0,0,0,2,87,42,10,43,3
56,88,208,176,128,40,80,72,88,48,104,176,0,0,0,0,0,0,0,0,1,0,0,0,0,2,87,42,10,43,3
64,64,200,176,104,56,120,56,48,112,64,160,0,0,0,0,0,0,0,0,1,0,0,0,0,2,87,42,10,43,3
48,72,184,160,72,80,56,64,48,96,72,152,0,0,0,0,0,0,0,0,1,0,0,0,0,2,87,42,10,43,3
96,72,216,160,120,48,64,64,88,64,64,185,0,0,0,0,0,0,0,0,1,0,0,0,0,2,87,42,10,43,3
55,80,168,168,72,72,80,32,56,112,56,144,0,0,0,0,0,0,0,0,1,0,0,0,0,2,87,42,10,43,3
24,88,184,160,104,48,80,72,72,72,80,400,0,0,0,0,0,0,0,0,1,0,0,0,0,2,87,42,10,43,3
80,48,224,168,79,81,64,72,56,80,80,184,0,0,0,0,0,0,0,0,1,0,0,0,0,2,87,42,10,43,3
64,71,201,184,104,55,73,63,73,72,88,168,0,0,0,0,0,0,0,0,1,0,0,0,0,2,87,42,10,43,3
23,89,192,176,63,89,88,56,48,119,80,217,0,0,0,0,0,0,0,0,1,0,0,0,0,2,87,42,10,43,3
48,88,216,184,96,89,127,56,72,112,48,337,0,0,0,0,0,0,0,0,1,0,0,0,0,2,87,42,10,43,3
64,56,184,168,104,64,72,96,40,88,88,161,0,0,0,0,0,0,0,0,1,0,0,0,0,2,87,42,10,43,3
65,63,184,168,112,88,56,88,80,64,88,168,0,0,0,0,0,0,0,0,1,0,0,0,0,2,87,42,10,43,3
32,72,168,160,80,96,48,80,48,80,88,168,0,0,0,0,0,0,0,0,1,0,0,0,0,2,87,42,10,43,3
32,88,200,168,120,128,96,80,280,96,552,0,0,0,0,0,0,0,0,0,1,0,0,0,0,2,87,42,10,43,3
48,112,168,160,96,64,88,48,48,120,72,160,0,0,0,0,0,0,0,0,1,0,0,0,0,2,87,42,10,43,3
32,96,192,184,96,64,80,56,64,88,72,160,0,0,0,0,0,0,0,0,1,0,0,0,0,2,87,42,10,43,3
16,112,184,152,96,64,56,80,40,80,88,152,0,0,0,0,0,0,0,0,1,0,0,0,0,2,87,42,10,43,3
56,88,208,184,128,56,80,88,64,72,104,144,0,0,0,0,0,0,0,0,1,0,0,0,0,2,87,42,10,43,3
24,80,232,176,88,104,64,96,32,104,96,152,0,0,0,0,0,0,0,0,1,0,0,0,0,2,87,42,10,43,3
16,96,184,160,112,48,72,56,56,104,64,144,0,0,0,0,0,0,0,0,1,0,0,0,0,2,87,42,10,43,3
24,88,544,152,80,88,56,96,40,96,80,176,0,0,0,0,0,0,0,0,1,0,0,0,0,2,87,42,10,43,3
39,73,184,152,72,88,64,56,56,96,48,160,0,0,0,0,0,0,0,0,1,0,0,0,0,2,87,42,10,43,3
24,88,176,168,104,56,104,39,49,96,64,145,0,0,0,0,0,0,0,0,1,0,0,0,0,2,87,42,10,43,3
15,89,192,159,112,64,40,88,73,79,88,489,0,0,0,0,0,0,0,0,1,0,0,0,0,2,87,42,10,43,3
39,88,152,160,72,104,57,71,48,88,73,168,0,0,0,0,0,0,0,0,1,0,0,0,0,2,87,42,10,43,3
24,112,144,168,104,65,79,48,64,104,72,504,0,0,0,0,0,0,0,0,1,0,0,0,0,2,87,42,10,43,3
16,88,184,144,120,56,64,72,48,96,88,169,0,0,0,0,0,0,0,0,1,0,0,0,0,2,87,42,10,43,3
24,112,160,152,120,48,64,72,48,96,72,160,0,0,0,0,0,0,0,0,1,0,0,0,0,2,87,42,10,43,3
24,64,192,152,72,88,64,73,79,64,88,152,0,0,0,0,0,0,0,0,1,0,0,0,0,2,87,42,10,43,3
24,112,1512,392,128,96,144,48,56,240,104,152,0,0,0,0,0,0,0,0,1,0,0,0,0,2,87,42,10,43,3
64,64,208,176,136,32,104,104,72,136,80,312,0,0,0,0,0,0,0,0,1,0,0,0,0,2,87,42,10,43,3
48,64,192,160,88,112,80,72,72,96,144,0,0,0,0,0,0,0,0,0,1,0,0,0,0,2,87,42,10,43,3
56,48,200,144,88,128,88,56,128,72,408,0,0,0,0,0,0,0,0,0,1,0,0,0,0,2,87,42,10,43,3
64,64,200,152,72,112,48,56,64,96,88,176,0,0,0,0,0,0,0,0,1,0,0,0,0,2,87,42,10,43,3
64,72,200,152,128,48,88,104,64,72,88,160,0,0,0,0,0,0,0,0,1,0,0,0,0,2,87,42,10,43,3
72,56,288,192,88,72,88,64,64,112,56,152,0,0,0,0,0,0,0,0,1,0,0,0,0,2,87,42,10,43,3
56,96,192,144,96,72,72,48,40,112,64,160,0,0,0,0,0,0,0,0,1,0,0,0,0,2,87,42,10,43,3
40,96,184,200,136,56,96,80,80,144,64,160,0,0,0,0,0,0,0,0,1,0,0,0,0,2,87,42,10,43,3
56,80,176,160,72,96,80,40,64,104,48,176,0,0,0,0,0,0,0,0,1,0,0,0,0,2,87,42,10,43,3
32,120,216,168,104,64,80,64,48,112,72,160,0,0,0,0,0,0,0,0,1,0,0,0,0,2,87,42,10,43,3
48,88,192,160,56,104,72,48,48,136,40,176,0,0,0,0,0,0,0,0,1,0,0,0,0,2,87,42,10,43,3
48,72,192,160,56,120,64,40,56,120,72,144,0,0,0,0,0,0,0,0,1,0,0,0,0,2,87,42,10,43,3
72,56,208,168,48,120,80,80,40,120,104,176,0,0,0,0,0,0,0,0,1,0,0,0,0,2,87,42,10,43,3
80,56,192,152,40,120,64,56,48,104,64,288,0,0,0,0,0,0,0,0,1,0,0,0,0,2,87,42,10,43,3
88,48,184,168,40,128,56,72,88,64,104,144,0,0,0,0,0,0,0,0,1,0,0,0,0,2,87,42,10,43,3
80,64,168,168,88,96,88,55,65,88,72,160,0,0,0,0,0,0,0,0,1,0,0,0,0,2,87,42,10,43,3
64,64,183,153,64,104,80,39,48,112,57,160,0,0,0,0,0,0,0,0,1,0,0,0,0,2,87,42,10,43,3
56,56,192,159,48,137,23,72,41,104,55,161,0,0,0,0,0,0,0,0,1,0,0,0,0,2,87,42,10,43,3
72,72,192,152,119,56,129,80,40,127,89,176,0,0,0,0,0,0,0,0,1,0,0,0,0,2,87,42,10,43,3
96,31,209,160,103,64,80,56,48,129,63,161,0,0,0,0,0,0,0,0,1,0,0,0,0,2,87,42,10,43,3
73,55,192,153,63,96,89,39,72,104,56,169,0,0,0,0,0,0,0,0,1,0,0,0,0,2,87,42,10,43,3
65,63,185,175,80,81,79,56,48,120,73,184,0,0,0,0,0,0,0,0,1,0,0,0,0,2,87,42,10,43,3
48,72,168,184,96,72,80,64,48,96,72,169,0,0,0,0,0,0,0,0,1,0,0,0,0,2,87,42,10,43,3
56,72,192,152,88,80,96,40,56,112,48,184,0,0,0,0,0,0,0,0,1,0,0,0,0,2,87,42,10,43,3
64,64,200,168,88,96,64,88,48,96,120,168,0,0,0,0,0,0,0,0,1,0,0,0,0,2,87,42,10,43,3
103,40,200,160,88,88,24,88,24,104,72,152,0,0,0,0,0,0,0,0,1,0,0,0,0,2,87,42,10,43,3
55,56,224,168,80,128,88,72,128,168,712,0,0,0,0,0,0,0,0,0,1,0,0,0,0,2,87,42,10,43,3
64,72,200,152,88,88,48,80,56,64,104,200,0,0,0,0,0,0,0,0,1,0,0,0,0,2,87,42,10,43,3
80,32,224,168,72,88,72,72,56,96,88,152,0,0,0,0,0,0,0,0,1,0,0,0,0,2,87,42,10,43,3
56,56,184,152,64,112,56,32,56,112,48,160,0,0,0,0,0,0,0,0,1,0,0,0,0,2,87,42,10,43,3
64,80,192,152,88,80,72,64,40,128,64,176,0,0,0,0,0,0,0,0,1,0,0,0,0,2,87,42,10,43,3
48,88,192,152,120,40,72,80,72,72,88,840,0,0,0,0,0,0,0,0,1,0,0,0,0,2,87,42,10,43,3
56,56,201,144,87,88,64,64,64,80,80,929,0,0,0,0,0,0,0,0,1,0,0,0,0,2,87,42,10,43,3
80,56,199,160,104,48,80,56,40,104,104,481,0,0,0,0,0,0,0,0,1,0,0,0,0,2,87,42,10,43,3
47,72,192,233,119,56,113,79,81,71,128,273,0,0,0,0,0,0,0,0,1,0,0,0,0,2,87,42,10,43,3
40,48,216,152,88,80,64,65,88,71,72,184,0,0,0,0,0,0,0,0,1,0,0,0,0,2,87,42,10,43,3
48,64,192,176,64,96,56,56,56,80,88,168,0,0,0,0,0,0,0,0,1,0,0,0,0,2,87,42,10,43,3
40,64,200,160,64,80,56,48,56,96,72,152,0,0,0,0,0,0,0,0,1,0,0,0,0,2,87,42,10,43,3
57,47,192,160,48,128,48,48,56,120,72,160,0,0,0,0,0,0,0,0,1,0,0,0,0,2,87,42,10,43,3
64,48,176,144,80,88,64,64,40,88,80,160,0,0,0,0,0,0,0,0,1,0,0,0,0,2,87,42,10,43,3
48,88,152,152,80,80,56,80,48,88,96,160,0,0,0,0,0,0,0,0,1,0,0,0,0,2,87,42,10,43,3
64,64,208,152,112,40,120,48,80,96,56,176,0,0,0,0,0,0,0,0,1,0,0,0,0,2,87,42,10,43,3
16,96,224,160,72,96,72,88,40,96,80,176,0,0,0,0,0,0,0,0,1,0,0,0,0,2,87,42,10,43,3
40,72,200,160,112,56,72,48,64,128,528,240,0,0,0,0,0,0,0,0,1,0,0,0,0,2,87,42,10,43,3
16,104,224,160,80,88,56,96,72,64,104,168,0,0,0,0,0,0,0,0,1,0,0,0,0,2,87,42,10,43,3
48,72,201,152,96,80,64,72,71,73,104,200,0,0,0,0,0,0,0,0,1,0,0,0,0,2,87,42,10,43,3
79,48,208,160,120,48,88,80,72,72,80,176,0,0,0,0,0,0,0,0,1,0,0,0,0,2,87,42,10,43,3
80,40,208,160,88,96,56,72,88,56,88,169,0,0,0,0,0,0,0,0,1,0,0,0,0,2,87,42,10,43,3
81,55,192,168,72,80,72,64,48,104,56,168,0,0,0,0,0,0,0,0,1,0,0,0,0,2,87,42,10,43,3
72,64,192,161,95,72,80,48,104,56,72,160,0,0,0,0,0,0,0,0,1,0,0,0,0,2,87,42,10,43,3
72,40,184,152,80,96,40,80,72,56,80,160,0,0,0,0,0,0,0,0,1,0,0,0,0,2,87,42,10,43,3
72,64,184,160,112,56,72,80,72,64,80,176,0,0,0,0,0,0,0,0,1,0,0,0,0,2,87,42,10,43,3
80,40,224,176,80,80,80,72,32,128,64,160,0,0,0,0,0,0,0,0,1,0,0,0,0,2,87,42,10,43,3
57,55,192,152,80,104,32,88,72,64,96,160,0,0,0,0,0,0,0,0,1,0,0,0,0,2,87,42,10,43,3
40,80,176,152,72,104,48,56,64,88,80,176,0,0,0,0,0,0,0,0,1,0,0,0,0,2,87,42,10,43,3
64,64,176,160,88,88,88,88,64,184,104,224,0,0,0,0,0,0,0,0,1,0,0,0,0,2,87,42,10,43,3
64,64,184,152,120,48,64,88,80,48,104,168,0,0,0,0,0,0,0,0,1,0,0,0,0,2,87,42,10,43,3
72,48,200,160,88,80,80,64,80,64,72,168,0,0,0,0,0,0,0,0,1,0,0,0,0,2,87,42,10,43,3
64,40,192,144,80,112,24,96,64,96,72,152,0,0,0,0,0,0,0,0,1,0,0,0,0,2,87,42,10,43,3
72,48,176,144,72,96,80,64,48,96,72,160,0,0,0,0,0,0,0,0,1,0,0,0,0,2,87,42,10,43,3
88,32,200,168,104,112,16,128,40,104,112,296,0,0,0,0,0,0,0,0,1,0,0,0,0,2,87,42,10,43,3
64,40,200,144,120,56,72,48,64,80,80,160,0,0,0,0,0,0,0,0,1,0,0,0,0,2,87,42,10,43,3
88,56,224,160,120,56,56,72,64,80,96,176,0,0,0,0,0,0,0,0,1,0,0,0,0,2,87,42,10,43,3
72,56,200,144,104,64,80,56,88,48,88,176,0,0,0,0,0,0,0,0,1,0,0,0,0,2,87,42,10,43,3
72,48,192,160,95,72,105,48,104,80,72,176,0,0,0,0,0,0,0,0,1,0,0,0,0,2,87,42,10,43,3
56,72,192,152,96,56,104,72,80,56,88,160,0,0,0,0,0,0,0,0,1,0,0,0,0,2,87,42,10,43,3
72,64,184,168,88,72,72,64,56,88,72,152,0,0,0,0,0,0,0,0,1,0,0,0,0,2,87,42,10,43,3
40,80,192,160,112,80,56,80,72,72,79,177,0,0,0,0,0,0,0,0,1,0,0,0,0,2,87,42,10,43,3
88,56,200,152,112,103,49,56,48,88,103,225,0,0,0,0,0,0,0,0,1,0,0,0,0,2,87,42,10,43,3
47,81,199,161,80,95,80,89,71,49,120,176,0,0,0,0,0,0,0,0,1,0,0,0,0,2,87,42,10,43,3
40,72,200,152,96,88,40,88,88,56,104,192,0,0,0,0,0,0,0,0,1,0,0,0,0,2,87,42,10,43,3

